sample_name,min,max,mean,std,diff_min,diff_max,q25,q50,q75,count,count_nan
MAC000002-2012-10-31,0.0,2.1600001,0.28962043806047966,0.2554364768753038,-1.3310001,1.0340001,0.122,0.194,0.3755,959,0
MAC000002-2012-11-30,0.071,1.714,0.24785919525862068,0.20182164304877243,-1.127,1.008,0.126,0.197,0.273,1392,0
MAC000002-2012-12-31,0.069,1.692,0.23908736572580644,0.21091096978125018,-1.182,1.185,0.112,0.1695,0.268,1488,1
MAC000002-2013-01-31,0.071,1.603,0.24182807259905978,0.21257150658597912,-1.2500001,1.077,0.116,0.197,0.263,1489,0
MAC000002-2013-02-28,0.065,2.994,0.28389442401486986,0.3110729297674561,-1.6789999000000002,1.9830001,0.113,0.189,0.276,1345,0
MAC000002-2013-03-31,0.065,2.5239999,0.32247817320349226,0.3653209606073688,-1.397,2.2339999,0.106,0.15,0.404,1489,0
MAC000002-2013-04-30,0.067,1.681,0.2517244972241499,0.21618935354210975,-1.1600000000000001,1.1480001,0.111,0.161,0.345,1441,0
MAC000002-2013-05-31,0.068,1.398,0.20420685030221625,0.17495274037496106,-1.192,1.155,0.109,0.143,0.217,1489,0
MAC000002-2013-06-30,0.071,1.513,0.2082741151977793,0.1730105342098201,-1.291,1.165,0.116,0.148,0.218,1441,0
MAC000002-2013-07-31,0.069,1.546,0.18221692404298187,0.15089712177612843,-1.222,1.3880000000000001,0.109,0.139,0.187,1489,0
MAC000002-2013-08-31,0.075,1.266,0.18136333102753524,0.1499065799088443,-1.115,1.184,0.115,0.144,0.187,1489,0
MAC000002-2013-09-30,0.065,1.751,0.2232755031922276,0.22205471311988328,-1.148,1.168,0.102,0.134,0.248,1441,0
MAC000002-2013-10-31,0.075,1.965,0.25409805218267295,0.2471535741237781,-1.3349999000000001,1.706,0.115,0.158,0.255,1489,0
MAC000002-2013-11-30,0.072,2.095,0.2846106869535045,0.28015708943270434,-1.08,1.136,0.115,0.182,0.302,1441,0
MAC000002-2013-12-31,0.073,2.352,0.25316655473472127,0.23502533162632866,-1.1280001999999998,1.2770001,0.104,0.136,0.361,1489,0
MAC000002-2014-01-31,0.072,2.5039999,0.3294012095430108,0.3090943657739219,-1.188,1.8689999000000002,0.117,0.2395,0.437,1488,0
MAC000002-2014-02-28,0.072,2.447,0.31964329768875194,0.30744239687956804,-1.0450001,1.59,0.116,0.212,0.433,1298,0
MAC000003-2012-02-29,0.04,3.3789999,0.3939515407488987,0.4859110912108809,-1.5579999,3.0329999,0.14125,0.2055,0.3915,454,0
MAC000003-2012-03-31,0.047,3.704,0.3710664881128274,0.5340590703952014,-1.8489999999999998,3.1129999,0.106,0.167,0.289,1489,0
MAC000003-2012-04-30,0.036,2.3210001,0.30613462921582235,0.33564874145600304,-1.6660000000000001,1.641,0.121,0.169,0.325,1441,0
MAC000003-2012-05-31,0.065,2.1199999,0.27752486545698923,0.2991152144145672,-1.7159999,1.6339998999999998,0.125,0.171,0.27825,1488,0
MAC000003-2012-06-30,0.054,1.603,0.27108327550312283,0.3055218826902537,-1.425,1.49,0.119,0.168,0.271,1441,0
MAC000003-2012-07-31,0.047,1.744,0.25721692384150435,0.2912112473222716,-1.4409999999999998,1.561,0.111,0.152,0.273,1489,0
MAC000003-2012-08-31,0.052,1.748,0.2661490933512424,0.29974488808907973,-1.4729999999999999,1.637,0.116,0.156,0.28,1489,0
MAC000003-2012-09-30,0.029,1.6440001,0.2720104092297016,0.31050151890134947,-1.446,1.505,0.116,0.163,0.262,1441,0
MAC000003-2012-10-31,0.048,3.5280001,0.37384553472128945,0.4809058518865671,-2.1439999000000003,3.2729999000000003,0.125,0.184,0.352,1489,0
MAC000003-2012-11-30,0.034,3.921,0.6588278971547536,0.8944671950913713,-2.1590001,3.5430001,0.14,0.216,0.764,1441,0
MAC000003-2012-12-31,0.039,3.7920001,0.8344963056413701,1.0390427524878034,-2.3109998999999997,3.2039999000000003,0.144,0.231,1.669,1489,1
MAC000003-2013-01-31,0.034,3.575,0.7187877789791806,0.938757154892115,-2.6070000999999996,3.1319999999999997,0.123,0.202,0.922,1489,0
MAC000003-2013-02-28,0.036,3.3659999,0.7993122683271376,1.0106156087317377,-2.6050001,3.113,0.13,0.215,1.5779999,1345,0
MAC000003-2013-03-31,0.007,3.7290001,0.642258735954301,0.9550623212957914,-2.28,3.3560000999999997,0.066,0.178,0.46525000000000005,1488,0
MAC000003-2013-04-30,0.046,3.757,0.4984441356696738,0.7698887686882816,-3.033,3.3830001000000003,0.121,0.201,0.314,1441,0
MAC000003-2013-05-31,0.023,1.523,0.25146034939516126,0.3199478790508747,-1.4049999999999998,1.4530001000000001,0.084,0.151,0.239,1488,0
MAC000003-2013-06-30,0.025,1.617,0.2498091600277585,0.3122438190391395,-1.415,1.406,0.085,0.148,0.243,1441,0
MAC000003-2013-07-31,0.026,1.729,0.24761585003357955,0.2942779457048812,-1.397,1.6030000000000002,0.099,0.159,0.246,1489,0
MAC000003-2013-08-31,0.027,1.526,0.23916521161853593,0.29743404840799453,-1.405,1.4460001,0.091,0.146,0.235,1489,0
MAC000003-2013-09-30,0.032,1.573,0.24904371956974322,0.30581267186051375,-1.439,1.4629999999999999,0.089,0.153,0.245,1441,0
MAC000003-2013-10-31,0.034,1.559,0.23389590315648087,0.30345949585700116,-1.411,1.445,0.08,0.128,0.227,1489,0
MAC000003-2013-11-30,0.033,2.7190001,0.3726780021512838,0.5394358086584752,-1.6929999,2.6420001,0.094,0.173,0.282,1441,0
MAC000003-2013-12-31,0.028,2.8440001,0.34038683693754196,0.5013004189814719,-1.8369999000000001,2.682,0.088,0.152,0.264,1489,0
MAC000003-2014-01-31,0.028,2.964,0.4373566141705843,0.6794554789484931,-2.0370000999999998,2.6499999,0.075,0.113,0.303,1489,0
MAC000003-2014-02-28,0.028,3.0,0.40677657958397534,0.6556594370265902,-2.844,2.708,0.074,0.109,0.23475,1298,0
MAC000004-2012-05-31,0.0,0.309,0.031362023070097604,0.06739199170387193,-0.309,0.309,0.0,0.0,0.0,1127,0
MAC000004-2012-06-30,0.0,0.834,0.03345656855707107,0.07170303953222117,-0.7969999999999999,0.834,0.0,0.0,0.0,1393,0
MAC000004-2012-07-31,0.0,0.464,0.030754869039623906,0.06731517671068718,-0.42500000000000004,0.464,0.0,0.0,0.0,1489,0
MAC000004-2012-08-31,0.0,0.321,0.03172196104768301,0.06811489587628924,-0.319,0.312,0.0,0.0,0.0,1489,0
MAC000004-2012-09-30,0.0,0.305,0.032549618320610686,0.07011291836056162,-0.305,0.305,0.0,0.0,0.0,1441,0
MAC000004-2012-10-31,0.0,0.82,0.04085493619879113,0.0887271804155974,-0.477,0.754,0.0,0.0,0.003,1489,0
MAC000004-2012-11-30,0.0,0.67,0.03865232477446218,0.08047423161895434,-0.661,0.472,0.0,0.0,0.0,1441,0
MAC000004-2012-12-31,0.0,1.0650001,0.04192746816655474,0.0859164477974379,-0.6759999999999999,0.9840001,0.0,0.0,0.03,1489,1
MAC000004-2013-01-31,0.0,0.629,0.037587642713230354,0.07455407222884962,-0.327,0.629,0.0,0.0,0.0,1489,0
MAC000004-2013-02-28,0.0,0.69,0.04236059479553903,0.08789574668526477,-0.548,0.551,0.0,0.0,0.007,1345,0
MAC000004-2013-03-31,0.0,0.548,0.03985359301544661,0.0766092852260592,-0.543,0.548,0.0,0.0,0.035,1489,0
MAC000004-2013-04-30,0.0,0.326,0.03499653018736988,0.07089343030333814,-0.326,0.326,0.0,0.0,0.0,1441,0
MAC000004-2013-05-31,0.0,0.264,0.03357594086021505,0.06976134462741636,-0.264,0.264,0.0,0.0,0.0,1488,0
MAC000004-2013-06-30,0.0,0.279,0.03600208188757807,0.0688930380380135,-0.273,0.273,0.0,0.0,0.042,1441,0
MAC000004-2013-07-31,0.0,0.313,0.029062458025520484,0.06575522379696126,-0.308,0.313,0.0,0.0,0.0,1489,0
MAC000004-2013-08-31,0.0,0.299,0.03046474143720618,0.06634994185546883,-0.299,0.299,0.0,0.0,0.0,1489,0
MAC000004-2013-09-30,0.0,0.318,0.03303261623872311,0.06801310876014999,-0.318,0.318,0.0,0.0,0.0,1441,0
MAC000004-2013-10-31,0.0,0.353,0.034517797179314975,0.07042967102532655,-0.353,0.353,0.0,0.0,0.0,1489,0
MAC000004-2013-11-30,0.0,0.294,0.03601318528799445,0.07003810842379311,-0.294,0.294,0.0,0.0,0.0,1441,0
MAC000004-2013-12-31,0.0,0.313,0.03671188717259906,0.07005573529780613,-0.313,0.313,0.0,0.0,0.011,1489,0
MAC000004-2014-01-31,0.0,0.308,0.03635728676964406,0.0704798831372615,-0.308,0.308,0.0,0.0,0.0,1489,0
MAC000004-2014-02-28,0.0,0.297,0.036257318952234205,0.07101640137354023,-0.297,0.297,0.0,0.0,0.0,1298,0
MAC000006-2012-01-31,0.014,0.456,0.08312328767123288,0.06929725527783258,-0.338,0.265,0.042,0.076,0.105,73,0
MAC000006-2012-02-29,0.013,0.762,0.06676166547020818,0.05382895746335825,-0.653,0.727,0.035,0.055,0.082,1393,0
MAC000006-2012-03-31,0.013,0.66,0.05860846205507052,0.04678905370516775,-0.5840000000000001,0.591,0.033,0.049,0.075,1489,0
MAC000006-2012-04-30,0.013,0.64,0.061150589868147115,0.04958538036389732,-0.529,0.602,0.032,0.05,0.076,1441,0
MAC000006-2012-05-31,0.013,0.627,0.05607997311827957,0.04704716890186394,-0.46599999999999997,0.584,0.031,0.046,0.068,1488,0
MAC000006-2012-06-30,0.013,0.423,0.05152185981956974,0.04071559182487445,-0.33599999999999997,0.366,0.031,0.043,0.064,1441,0
MAC000006-2012-07-31,0.013,0.436,0.05570785762256548,0.04255151777982555,-0.354,0.404,0.031,0.047,0.068,1489,0
MAC000006-2012-08-31,0.013,0.429,0.054540631296171926,0.04045845964516272,-0.325,0.358,0.031,0.046,0.067,1489,0
MAC000006-2012-09-30,0.013,0.503,0.05377585010409438,0.042934078988604525,-0.359,0.47,0.031,0.044,0.065,1441,0
MAC000006-2012-10-31,0.013,0.589,0.06387844190732035,0.05002809021413811,-0.496,0.5529999999999999,0.032,0.053,0.081,1489,0
MAC000006-2012-11-30,0.013,0.801,0.07776277116864941,0.0644446572738096,-0.652,0.683,0.036,0.062,0.101,1429,0
MAC000006-2012-12-31,0.0,0.735,0.03018661257606491,0.052841123827378336,-0.645,0.667,0.0,0.0,0.044,1479,1
MAC000006-2013-01-31,0.0,0.657,0.05564741437206178,0.059086765823894785,-0.4640000000000001,0.625,0.015,0.044,0.079,1489,0
MAC000006-2013-02-28,0.013,0.774,0.07679776951672863,0.07015719484891668,-0.659,0.684,0.033,0.056,0.101,1345,0
MAC000006-2013-03-31,0.013,0.725,0.06988179986568167,0.06001203506524575,-0.647,0.6749999999999999,0.033,0.057,0.091,1489,0
MAC000006-2013-04-30,0.013,0.736,0.06331991672449688,0.05895944650533344,-0.642,0.704,0.032,0.051,0.076,1441,0
MAC000006-2013-05-31,0.013,0.601,0.05787239758226998,0.047016224575641925,-0.492,0.5409999999999999,0.031,0.048,0.072,1489,0
MAC000006-2013-06-30,0.013,0.57,0.05427897293546148,0.04206522591365256,-0.5009999999999999,0.5379999999999999,0.031,0.046,0.065,1441,0
MAC000006-2013-07-31,0.013,0.547,0.06010073875083949,0.045912162580747345,-0.395,0.432,0.034,0.051,0.073,1489,0
MAC000006-2013-08-31,0.0,0.469,0.031644728005372734,0.04412933902266363,-0.36,0.418,0.0,0.014,0.053,1489,0
MAC000006-2013-09-30,0.0,0.45,0.049009715475364334,0.04522666574525339,-0.382,0.41400000000000003,0.016,0.043,0.066,1441,0
MAC000006-2013-10-31,0.013,0.575,0.06048018804566824,0.045287950176039225,-0.478,0.49299999999999994,0.033,0.051,0.076,1489,0
MAC000006-2013-11-30,0.013,0.607,0.06736294240111033,0.05080229367309488,-0.506,0.571,0.032,0.057,0.091,1441,0
MAC000006-2013-12-31,0.013,0.703,0.07659368703828073,0.06345913076401247,-0.53,0.614,0.035,0.061,0.1,1489,0
MAC000006-2014-01-31,0.013,0.571,0.06891672263263936,0.05363259667227376,-0.49399999999999994,0.49999999999999994,0.034,0.056,0.09,1489,0
MAC000006-2014-02-28,0.013,0.546,0.06686209553158706,0.05143918203864688,-0.387,0.47700000000000004,0.03225,0.054,0.089,1298,0
MAC000007-2012-09-30,0.026,1.5599999,0.15221474326923076,0.19414636579777578,-1.3649999,1.123,0.061,0.083,0.145,312,0
MAC000007-2012-10-31,0.025,1.8660001,0.17302216252518468,0.2020321630076282,-1.4689999999999999,1.6550000999999999,0.067,0.102,0.202,1489,0
MAC000007-2012-11-30,0.028,1.707,0.20270020839694658,0.22531449493571662,-1.373,1.408,0.077,0.123,0.235,1441,0
MAC000007-2012-12-31,0.031,1.988,0.20121961054398926,0.22250891837347248,-1.2000000000000002,1.455,0.071,0.113,0.255,1489,1
MAC000007-2013-01-31,0.026,1.691,0.20398522491605106,0.22311799425998483,-1.3310000000000002,1.536,0.074,0.127,0.237,1489,0
MAC000007-2013-02-28,0.026,1.755,0.1989732142857143,0.2258213453500836,-1.266,1.3739999999999999,0.07,0.125,0.221,1344,0
MAC000007-2013-03-31,0.026,3.0899999,0.27267293472128945,0.34541797460458745,-1.5589999,1.3370000999999998,0.083,0.142,0.282,1489,0
MAC000007-2013-04-30,0.024,1.8380001,0.20886953497571129,0.2363929276593001,-1.398,1.3940000000000001,0.083,0.13,0.21,1441,0
MAC000007-2013-05-31,0.021,1.778,0.17217998643384821,0.2054421036485139,-1.324,1.599,0.069,0.102,0.174,1489,0
MAC000007-2013-06-30,0.02,1.614,0.1695399027758501,0.1793300994203738,-1.127,1.4360000000000002,0.075,0.111,0.181,1441,0
MAC000007-2013-07-31,0.024,1.6849999,0.1803116182001343,0.17264118488147304,-1.5579999,1.5479999,0.098,0.124,0.19,1489,0
MAC000007-2013-08-31,0.02,1.553,0.16360107454667563,0.16153634665042765,-1.337,1.1340000000000001,0.077,0.109,0.183,1489,0
MAC000007-2013-09-30,0.017,1.365,0.14358015274115196,0.17426098568241627,-1.124,1.1259998999999998,0.058,0.081,0.155,1441,0
MAC000007-2013-10-31,0.02,1.608,0.183076561450638,0.2005721710285987,-1.304,1.334,0.07,0.111,0.208,1489,0
MAC000007-2013-11-30,0.016,1.597,0.18435669680777236,0.20150610142128103,-1.172,1.358,0.065,0.111,0.212,1441,0
MAC000007-2013-12-31,0.017,3.7839999,0.258174176395427,0.3448604863675249,-1.1640001000000002,1.369,0.066,0.126,0.311,1487,0
MAC000007-2014-01-31,0.015,1.679,0.23052320087424344,0.26077274436222264,-1.358,1.455,0.069,0.136,0.26,1487,0
MAC000007-2014-02-28,0.017,2.0220001,0.22682896771956856,0.2719578127592209,-1.758,1.145,0.06925,0.139,0.242,1298,0
MAC000008-2012-05-31,0.1,1.7359999,0.3547310395621579,0.24125008722160138,-0.939,1.041,0.1955,0.256,0.43,1279,0
MAC000008-2012-06-30,0.131,2.049,0.3585025128499641,0.27642711287927807,-1.686,1.69,0.19,0.25,0.421,1393,0
MAC000008-2012-07-31,0.135,1.943,0.3443122903962391,0.24443305939519794,-1.568,1.62,0.203,0.259,0.369,1489,0
MAC000008-2012-08-31,0.125,1.961,0.3210288784419073,0.20470815141184204,-1.489,1.649,0.205,0.25,0.354,1489,0
MAC000008-2012-09-30,0.122,1.656,0.32864374979166666,0.19835560551201403,-1.317,1.384,0.20275,0.2525,0.395,1440,0
MAC000008-2012-10-31,0.11,1.755,0.3979744795836132,0.19325222604997527,-1.0959999999999999,1.4939999999999998,0.269,0.333,0.49,1489,0
MAC000008-2012-11-30,0.108,1.757,0.407843641695622,0.21726761387700705,-0.9740001,1.3039999999999998,0.274,0.357,0.479,1439,0
MAC000008-2012-12-31,0.164,1.96,0.433183344593687,0.24095102962641465,-1.244,1.455,0.292,0.36,0.471,1489,1
MAC000008-2013-01-31,0.168,1.744,0.460265278710544,0.2783068578868436,-0.9349999999999999,1.062,0.281,0.353,0.513,1489,0
MAC000008-2013-02-28,0.169,2.1700001,0.4610832710780669,0.27140578176944075,-0.913,1.3520001000000001,0.293,0.365,0.507,1345,0
MAC000008-2013-03-31,0.192,3.5810001,0.4404398926124916,0.26851227158348634,-1.9100001,3.017,0.289,0.343,0.472,1489,0
MAC000008-2013-04-30,0.166,1.584,0.40969812623178353,0.1821792492312795,-0.6789999,0.963,0.283,0.338,0.473,1441,0
MAC000008-2013-05-31,0.094,0.889,0.36698589657488245,0.1690051947407145,-0.45899999999999996,0.593,0.247,0.303,0.453,1489,0
MAC000008-2013-06-30,0.0,1.2410001,0.3677598890353921,0.16072745888319387,-0.7100000999999999,0.708,0.261,0.301,0.413,1441,0
MAC000008-2013-07-31,0.044,2.9300001,0.3587662860980524,0.22832561822834577,-2.328,2.1750001,0.236,0.301,0.439,1489,0
MAC000008-2013-08-31,0.048,3.0,0.2063425116856951,0.23859811063523984,-2.755,2.846,0.093,0.145,0.229,1489,0
MAC000008-2013-09-30,0.048,3.507,0.2377092297015961,0.24952640302103232,-3.149,2.2260001,0.118,0.173,0.261,1441,0
MAC000008-2013-10-31,0.041,2.7349999,0.28120617801724135,0.26170913525629924,-1.9350001,2.3849999,0.124,0.196,0.347,1392,0
MAC000009-2012-09-30,0.029,1.277,0.1745984251968504,0.1479662662041546,-1.149,0.739,0.08175,0.141,0.215,508,0
MAC000009-2012-10-31,0.029,1.425,0.1877783748153123,0.16401186083091643,-1.236,0.8899999999999999,0.083,0.157,0.228,1489,0
MAC000009-2012-11-30,0.029,1.451,0.19021929215822345,0.155003473759636,-1.24,0.908,0.085,0.16,0.24,1441,0
MAC000009-2012-12-31,0.028,2.198,0.20319610476830088,0.19088119928812208,-1.818,1.2910001,0.089,0.163,0.243,1489,1
MAC000009-2013-01-31,0.037,1.6289999,0.19644459361987912,0.16900925603046285,-1.411,1.162,0.091,0.166,0.238,1489,0
MAC000009-2013-02-28,0.038,1.516,0.18868773249070633,0.1739280461487865,-1.2489999999999999,1.362,0.093,0.149,0.216,1345,0
MAC000009-2013-03-31,0.029,1.576,0.17950638005372735,0.16875693139665524,-1.3,1.403,0.085,0.134,0.203,1489,0
MAC000009-2013-04-30,0.027,1.434,0.1559014573907009,0.1527399073410584,-1.287,0.9540000000000001,0.075,0.113,0.184,1441,0
MAC000009-2013-05-31,0.028,1.505,0.14740564130288786,0.1508733954750131,-1.3679999999999999,1.23,0.067,0.112,0.169,1489,0
MAC000009-2013-06-30,0.028,1.739,0.155200418924581,0.16220476335243625,-1.5270000000000001,1.3119999999999998,0.068,0.121,0.18125,1432,0
MAC000009-2013-07-31,0.028,1.967,0.15443989254533244,0.14440505231231282,-1.804,1.452,0.075,0.126,0.186,1489,0
MAC000009-2013-08-31,0.029,1.811,0.13906312968435192,0.14311442773744082,-1.662,1.0250001,0.064,0.099,0.168,1489,0
MAC000009-2013-09-30,0.03,1.544,0.1702921584316447,0.1691832023696104,-1.369,1.404,0.077,0.13,0.194,1441,0
MAC000009-2013-10-31,0.03,2.4349999,0.1789187375419745,0.17956584703279196,-2.2839999000000004,1.5169999,0.081,0.138,0.208,1489,0
MAC000009-2013-11-30,0.027,1.763,0.18988619021512837,0.17308201637479775,-1.6349999999999998,1.253,0.091,0.148,0.22,1441,0
MAC000009-2013-12-31,0.028,1.721,0.20878710530557423,0.19901061572454212,-1.4620000000000002,1.221,0.089,0.154,0.251,1489,0
MAC000009-2014-01-31,0.035,1.602,0.2025540631296172,0.18317653344387438,-1.381,1.157,0.09,0.151,0.245,1489,0
MAC000009-2014-02-28,0.036,1.636,0.1965362095531587,0.18203673534417625,-1.4229999999999998,1.446,0.091,0.149,0.23175,1298,0
MAC000010-2012-09-30,0.139,2.48,0.5473890681672026,0.41692792211323304,-1.7180001,1.589,0.244,0.413,0.6705000000000001,311,0
MAC000010-2012-10-31,0.135,2.7420001,0.5458225803763441,0.3960670200350961,-1.9279998999999997,2.035,0.249,0.426,0.6875,1488,0
MAC000010-2012-11-30,0.135,2.6289999,0.5556009717557252,0.41908496833120423,-1.8550001,1.9749999000000003,0.233,0.422,0.741,1441,0
MAC000010-2012-12-31,0.138,3.4230001,0.6732357286098053,0.5194366861204779,-2.257,2.182,0.238,0.516,0.93,1489,1
MAC000010-2013-01-31,0.136,3.1900001,0.6011511071188718,0.4670670790175286,-2.6570001,2.4470001,0.236,0.459,0.791,1489,0
MAC000010-2013-02-28,0.141,2.5840001,0.5733479551672862,0.43441032876174324,-1.7419999000000002,1.7049999000000002,0.236,0.441,0.708,1345,0
MAC000010-2013-03-31,0.147,3.2130001,0.6006218934184017,0.45618951755695925,-2.332,2.311,0.268,0.455,0.761,1489,0
MAC000010-2013-04-30,0.143,2.76,0.47578695343511446,0.3851694065700932,-2.1769999999999996,2.2869998999999996,0.218,0.326,0.591,1441,0
MAC000010-2013-05-31,0.142,2.6010001,0.4871685691739422,0.3585113916471001,-1.482,2.1820000999999998,0.236,0.364,0.607,1489,0
MAC000010-2013-06-30,0.122,2.539,0.4615294932685635,0.33994430600706715,-1.9519998999999997,1.8520000999999997,0.226,0.347,0.576,1441,0
MAC000010-2013-07-31,0.123,2.464,0.46430557414372065,0.32222546398787455,-1.5839999999999999,1.694,0.243,0.342,0.573,1489,0
MAC000010-2013-08-31,0.122,2.227,0.4846783083948959,0.33971456554370044,-1.741,1.655,0.238,0.373,0.605,1489,0
MAC000010-2013-09-30,0.114,2.6600001,0.4858334491325469,0.3629382719485747,-1.7599999999999998,1.6939999,0.223,0.375,0.623,1441,0
MAC000010-2013-10-31,0.115,2.9159999,0.4895446609805238,0.3712994431079977,-2.1289999,1.8889999,0.214,0.379,0.612,1489,0
MAC000010-2013-11-30,0.113,2.6949999,0.510301873351839,0.40497471463218426,-1.8570001,1.7950001,0.202,0.408,0.645,1441,0
MAC000010-2013-12-31,0.123,4.1890001,0.7376574878441907,0.5800005371163366,-2.2700001,2.8180000000000005,0.277,0.556,1.001,1489,0
MAC000010-2014-01-31,0.119,3.4760001,0.6413633314304902,0.524017290593229,-2.428,2.3790001000000003,0.245,0.493,0.839,1489,0
MAC000010-2014-02-28,0.15,2.628,0.564995377118644,0.42334083130827815,-1.8399999,1.9099998999999999,0.245,0.435,0.736,1298,0
MAC000011-2012-10-31,0.07,1.582,0.44588428122270746,0.31469384277086476,-0.952,1.029,0.22025,0.3625,0.5465,458,0
MAC000011-2012-11-30,0.05,2.115,0.40640111075641916,0.3219029415319224,-1.162,1.3820000000000001,0.181,0.316,0.509,1441,0
MAC000011-2012-12-31,0.051,2.2119999,0.4255030257565568,0.3316459283873989,-1.238,1.315,0.181,0.329,0.5375000000000001,1487,1
MAC000011-2013-01-31,0.05,2.3369999,0.41316386803223637,0.3339765246115178,-1.49,1.2989998999999999,0.166,0.311,0.524,1489,0
MAC000011-2013-02-28,0.049,2.096,0.38161040899628257,0.3058519599160498,-1.2630001,1.179,0.157,0.289,0.496,1345,0
MAC000011-2013-03-31,0.057,2.582,0.3805117526527871,0.31166994441432977,-1.5350000000000001,1.6879999999999997,0.151,0.287,0.485,1489,0
MAC000011-2013-04-30,0.048,2.279,0.32520888285912564,0.262702982955056,-1.3070001,1.3699999999999999,0.139,0.239,0.403,1441,0
MAC000011-2013-05-31,0.04,1.647,0.32729482860980524,0.2526967312439636,-0.8970001000000001,1.029,0.15,0.242,0.411,1489,0
MAC000011-2013-06-30,0.041,1.988,0.2791970854961832,0.2376884434697723,-1.063,1.22,0.127,0.194,0.337,1441,0
MAC000011-2013-07-31,0.053,1.268,0.22209267971793148,0.15677095170936056,-0.978,0.917,0.124,0.175,0.265,1489,0
MAC000011-2013-08-31,0.052,1.142,0.22341235735392884,0.1557934059274421,-0.8510000999999999,0.84,0.12,0.173,0.279,1489,0
MAC000011-2013-09-30,0.046,1.4349999,0.2308570435808466,0.19023200036685667,-0.9849999,0.8549999000000001,0.112,0.16,0.283,1441,0
MAC000011-2013-10-31,0.053,1.507,0.25226997978509064,0.19692901897950976,-0.8360000000000001,0.7679999999999999,0.117,0.189,0.318,1489,0
MAC000011-2013-11-30,0.046,1.61,0.26905690506592644,0.20573935718250477,-1.3030000000000002,0.7639999999999999,0.122,0.212,0.353,1441,0
MAC000011-2013-12-31,0.059,1.557,0.2926283602822581,0.21890133717805652,-0.899,1.017,0.14075,0.23,0.374,1488,0
MAC000011-2014-01-31,0.047,1.604,0.2938233713230356,0.21852443581288344,-0.9520000000000001,1.0959999999999999,0.138,0.223,0.378,1489,0
MAC000011-2014-02-28,0.054,1.878,0.2634375964560863,0.21041141873542052,-1.1309999999999998,1.001,0.115,0.198,0.34575,1298,0
MAC000012-2012-10-31,0.0,0.471,0.0269887482419128,0.0358828124314225,-0.45299999999999996,0.39299999999999996,0.0,0.021,0.05,1422,0
MAC000012-2012-11-30,0.0,1.033,0.09806106870229009,0.13414307407980222,-0.666,0.5860000000000001,0.009,0.051,0.137,1441,0
MAC000012-2012-12-31,0.0,1.03,0.02335795836131632,0.04834533736867777,-0.729,0.773,0.0,0.011,0.049,1489,1
MAC000012-2013-01-31,0.0,1.122,0.03881598388179986,0.08612839557262009,-0.7890000000000001,0.755,0.0,0.016,0.051,1489,0
MAC000012-2013-02-28,0.0,0.532,0.020805947955390335,0.030858456050709967,-0.17300000000000004,0.39,0.0,0.008,0.044,1345,0
MAC000012-2013-03-31,0.0,1.0089999,0.0499758063844086,0.08775588556939957,-0.5909999000000001,0.47399990000000003,0.0,0.024,0.052,1488,0
MAC000012-2013-04-30,0.0,0.915,0.07015752949340735,0.09993745002363064,-0.615,0.5589999999999999,0.009,0.049,0.06,1441,0
MAC000012-2013-05-31,0.0,0.057,0.025764271323035593,0.02299015478911374,-0.05,0.057,0.0,0.026,0.05,1489,0
MAC000012-2013-06-30,0.0,0.056,0.023228313671061762,0.022828251940702985,-0.049999999999999996,0.055,0.0,0.017,0.05,1441,0
MAC000012-2013-07-31,0.0,0.058,0.031011417058428477,0.022749849430997747,-0.049,0.058,0.0,0.046,0.05,1489,0
MAC000012-2013-08-31,0.0,0.057,0.028265950302216254,0.023255284456688712,-0.05,0.057,0.0,0.034,0.051,1489,0
MAC000012-2013-09-30,0.0,1.041,0.059224843858431644,0.11279102219551712,-0.9129999999999999,0.755,0.0,0.036,0.054,1441,0
MAC000012-2013-10-31,0.0,0.753,0.04708394895903291,0.07040045069876176,-0.618,0.6669999999999999,0.0,0.043,0.054,1489,0
MAC000012-2013-11-30,0.0,1.345,0.1338660651630812,0.15469364202298513,-0.779,0.711,0.035,0.065,0.187,1441,0
MAC000012-2013-12-31,0.0,0.389,0.025787105439892544,0.030875525249378828,-0.10199999999999998,0.189,0.0,0.02,0.051,1489,0
MAC000012-2014-01-31,0.0,0.671,0.023252688172043012,0.03045352097281643,-0.506,0.356,0.0,0.014,0.05,1488,0
MAC000012-2014-02-28,0.0,0.056,0.022862865947611707,0.02299742854014927,-0.05,0.056,0.0,0.017,0.05,1298,0
MAC000013-2012-06-30,0.035,0.316,0.12367672413793104,0.044459399991013,-0.14900000000000002,0.172,0.093,0.121,0.147,464,0
MAC000013-2012-07-31,0.032,0.343,0.13270715249662618,0.04458583437289892,-0.18800000000000003,0.137,0.102,0.128,0.16,1482,0
MAC000013-2012-08-31,0.03,0.326,0.11668569509738079,0.044805035429091374,-0.198,0.13799999999999998,0.085,0.113,0.141,1489,0
MAC000013-2012-09-30,0.03,0.352,0.12003747397640527,0.05183954930845426,-0.22000000000000003,0.165,0.082,0.114,0.146,1441,0
MAC000013-2012-10-31,0.027,0.504,0.12681396910678308,0.061321740241437175,-0.193,0.16599999999999998,0.082,0.116,0.154,1489,0
MAC000013-2012-11-30,0.027,0.402,0.13496530187369882,0.056290505570888,-0.136,0.184,0.093,0.124,0.165,1441,0
MAC000013-2012-12-31,0.026,0.505,0.14642243116185358,0.06936294839039114,-0.199,0.16599999999999998,0.1,0.129,0.177,1489,1
MAC000013-2013-01-31,0.025,0.349,0.13726393552719945,0.05439798379245333,-0.14799999999999996,0.19399999999999998,0.098,0.127,0.171,1489,0
MAC000013-2013-02-28,0.029,0.333,0.12565055762081784,0.0565250929455346,-0.271,0.24300000000000002,0.083,0.117,0.158,1345,0
MAC000013-2013-03-31,0.029,0.363,0.12087911349899262,0.05603239414693292,-0.16499999999999998,0.14700000000000002,0.078,0.113,0.154,1489,0
MAC000013-2013-04-30,0.025,0.391,0.1090145732130465,0.04742042086750974,-0.19,0.237,0.074,0.107,0.142,1441,0
MAC000013-2013-05-31,0.024,0.284,0.10156212222968435,0.04864315216433206,-0.19999999999999996,0.179,0.067,0.096,0.135,1489,0
MAC000013-2013-06-30,0.026,0.279,0.08055655794587092,0.03972675456344292,-0.14400000000000002,0.16700000000000004,0.051,0.076,0.105,1441,0
MAC000013-2013-07-31,0.025,0.305,0.08708467741935483,0.04052784982033081,-0.238,0.20599999999999996,0.058,0.08,0.113,1488,0
MAC000013-2013-08-31,0.026,0.325,0.08549697783747481,0.043003877641492785,-0.18300000000000002,0.21200000000000002,0.054,0.078,0.109,1489,0
MAC000013-2013-09-30,0.024,0.316,0.07855239417071479,0.04138157713953921,-0.203,0.184,0.045,0.072,0.104,1441,0
MAC000013-2013-10-31,0.023,0.388,0.08416588314304903,0.04950157504597238,-0.216,0.192,0.047,0.074,0.112,1489,0
MAC000013-2013-11-30,0.023,0.429,0.09059541984732825,0.055805261162833776,-0.159,0.18,0.048,0.077,0.121,1441,0
MAC000013-2013-12-31,0.024,0.432,0.11267494963062458,0.07303303621497398,-0.18699999999999997,0.199,0.063,0.092,0.146,1489,0
MAC000013-2014-01-31,0.023,0.384,0.10854734721289457,0.06315119312857705,-0.267,0.245,0.067,0.096,0.136,1489,0
MAC000013-2014-02-28,0.032,0.352,0.09597072419106317,0.040461322875306314,-0.182,0.21499999999999997,0.067,0.087,0.113,1298,0
MAC000016-2011-12-31,0.021,0.717,0.12192722812755519,0.08120940644414865,-0.576,0.5389999999999999,0.048,0.131,0.157,1223,0
MAC000016-2012-01-31,0.02,0.873,0.11377971793149766,0.09011673189775102,-0.597,0.6890000000000001,0.038,0.121,0.156,1489,0
MAC000016-2012-02-29,0.006,0.503,0.03294687724335966,0.034835657565408094,-0.356,0.309,0.016,0.022,0.038,1393,0
MAC000016-2012-03-31,0.005,0.332,0.02096440564137005,0.028992920825550425,-0.187,0.21300000000000002,0.007,0.013,0.025,1489,0
MAC000016-2012-04-30,0.005,0.752,0.01564677307425399,0.02696321062905792,-0.696,0.741,0.006,0.011,0.022,1441,0
MAC000016-2012-05-31,0.0,0.106,0.013678307588985897,0.012650781706241771,-0.097,0.060000000000000005,0.005,0.009,0.023,1489,0
MAC000016-2012-06-30,0.0,0.542,0.015165857043719639,0.031038186160206892,-0.47700000000000004,0.40599999999999997,0.0,0.009,0.024,1441,0
MAC000016-2012-07-31,0.0,0.018,0.004456317204301076,0.005321358204386782,-0.009000000000000001,0.009,0.0,0.0,0.01,1488,0
MAC000016-2012-08-31,0.0,0.011,0.00319140362659503,0.004285701562248459,-0.009000000000000001,0.009,0.0,0.0,0.009,1489,0
MAC000016-2012-09-30,0.0,0.053,0.004697432338653712,0.0063461537180916055,-0.034,0.043,0.0,0.0,0.009,1441,0
MAC000016-2012-10-31,0.0,0.163,0.0033593015446608462,0.006887770332770507,-0.132,0.064,0.0,0.0,0.009,1489,0
MAC000016-2012-11-30,0.0,0.047,0.005016655100624566,0.005908068886746767,-0.028,0.038,0.0,0.001,0.009,1441,0
MAC000016-2012-12-31,0.0,0.083,0.01420147750167898,0.012555724092737187,-0.05,0.055,0.002,0.013,0.022,1489,1
MAC000016-2013-01-31,0.005,0.233,0.03054785020804438,0.028382080593997994,-0.193,0.14500000000000002,0.019,0.026,0.031,721,0
MAC000018-2011-12-31,0.11,1.846,0.24819289340101522,0.18763109449825172,-1.09,1.017,0.12,0.206,0.286,1182,0
MAC000018-2012-01-31,0.111,1.704,0.2960134319006044,0.18596891343760033,-0.896,1.305,0.158,0.246,0.364,1489,0
MAC000018-2012-02-29,0.107,1.75,0.3708356066044508,0.25178718281367624,-0.859,1.336,0.181,0.298,0.484,1393,0
MAC000018-2012-03-31,0.119,1.414,0.2473760914036266,0.17943750519858645,-0.931,1.0610000000000002,0.13,0.161,0.294,1489,0
MAC000018-2012-04-30,0.093,2.0079999,0.19650659257460096,0.1389806187154225,-0.7839999000000002,1.3699999000000003,0.125,0.138,0.221,1441,0
MAC000018-2012-05-31,0.099,1.3660001,0.16895634660846204,0.10708209103229203,-0.7729998999999999,0.9210000999999999,0.123,0.131,0.163,1489,0
MAC000018-2012-06-30,0.106,1.825,0.21783483691880637,0.15355576427317383,-0.867,1.638,0.129,0.152,0.247,1441,0
MAC000018-2012-07-31,0.088,2.0569999,0.19716453989254534,0.11663162391077173,-1.0279999000000002,1.3049999,0.135,0.161,0.22,1489,0
MAC000018-2012-08-31,0.095,1.332,0.21040832766957687,0.1370573949740831,-1.0,1.1580000000000001,0.137,0.162,0.233,1489,0
MAC000018-2012-09-30,0.101,1.175,0.21497987508674532,0.1381616967752557,-0.8559999999999999,0.897,0.129,0.152,0.25,1441,0
MAC000018-2012-10-31,0.116,1.729,0.23629952988582942,0.15751881268783502,-0.8059999999999999,1.226,0.127,0.153,0.323,1489,0
MAC000018-2012-11-30,0.101,1.989,0.3346571822345593,0.31488292338701823,-1.4260000000000002,1.511,0.131,0.209,0.421,1441,0
MAC000018-2012-12-31,0.111,1.878,0.2507044997985225,0.2229197509978118,-1.048,1.2160000000000002,0.125,0.137,0.294,1489,1
MAC000018-2013-01-31,0.091,2.0669999,0.28749764929482874,0.2237136972700103,-1.3279999999999998,1.346,0.136,0.2,0.371,1489,0
MAC000018-2013-02-28,0.091,1.88,0.23672118951672863,0.1923954265224529,-1.16,1.288,0.128,0.153,0.287,1345,0
MAC000018-2013-03-31,0.091,1.763,0.2042249832102082,0.14921513209857093,-1.3849999,1.337,0.129,0.142,0.234,1489,0
MAC000018-2013-04-30,0.102,2.0880001,0.21417834843858433,0.1807145799382148,-1.235,1.226,0.128,0.146,0.235,1441,0
MAC000018-2013-05-31,0.098,1.33,0.1926749496306246,0.11892922998308325,-0.808,0.9790000000000001,0.127,0.142,0.237,1489,0
MAC000018-2013-06-30,0.102,1.4220001,0.18749757120055516,0.09395669986902154,-0.7690001,1.0240000999999999,0.134,0.151,0.218,1441,0
MAC000018-2013-07-31,0.113,1.4349999,0.20085695083948957,0.08960699783623641,-0.7929999,1.0249999,0.144,0.167,0.235,1489,0
MAC000018-2013-08-31,0.113,1.4,0.211928139758227,0.12604767265321173,-1.0419999999999998,0.9149999999999999,0.141,0.157,0.243,1489,0
MAC000018-2013-09-30,0.111,1.978,0.21131783490631503,0.14449114856776304,-0.8679999999999999,1.596,0.136,0.15,0.247,1441,0
MAC000018-2013-10-31,0.105,1.1670001,0.20762390873069175,0.12846440445841023,-0.769,0.7429999999999999,0.132,0.151,0.245,1489,0
MAC000018-2013-11-30,0.102,1.881,0.2245884800832755,0.16714018262293234,-0.9410000000000001,0.966,0.128,0.15,0.266,1441,0
MAC000018-2013-12-31,0.098,1.608,0.17485963740765614,0.13105088543952698,-0.8810000000000001,0.658,0.106,0.123,0.188,1489,0
MAC000018-2014-01-31,0.096,1.559,0.17506783082605776,0.14924935926511793,-0.783,1.367,0.11,0.116,0.132,1489,0
MAC000018-2014-02-28,0.093,1.3329999,0.12901617865947612,0.08994442908485209,-0.848,0.475,0.101,0.106,0.114,1298,0
MAC000019-2011-12-31,0.013,1.1059999,0.13061058923996582,0.13773239388469238,-0.9199999000000001,0.9850001,0.057,0.092,0.1525,1171,0
MAC000019-2012-01-31,0.014,1.2970001,0.16416588314304903,0.18225076529564768,-0.943,1.1019999999999999,0.067,0.115,0.173,1489,0
MAC000019-2012-02-29,0.029,1.239,0.14881909554917444,0.16424625076831612,-0.911,1.0910000000000002,0.065,0.103,0.155,1393,0
MAC000019-2012-03-31,0.023,1.043,0.09125386165211552,0.09782108022690067,-0.8119999999999999,0.9299999999999999,0.039,0.069,0.099,1489,0
MAC000019-2012-04-30,0.027,1.2920001,0.12909160312283138,0.12511320468595913,-1.1090001,0.873,0.067,0.095,0.148,1441,0
MAC000019-2012-05-31,0.027,1.178,0.13512155809267964,0.12412962840991515,-0.9809999999999999,0.735,0.071,0.105,0.149,1489,0
MAC000019-2012-06-30,0.024,1.255,0.10413115891741846,0.10594926134634694,-1.0879999999999999,0.843,0.054,0.081,0.111,1441,0
MAC000019-2012-07-31,0.023,1.035,0.10682471464069845,0.10715016041193272,-0.8719999999999999,0.9890001,0.055,0.082,0.114,1489,0
MAC000019-2012-08-31,0.021,1.011,0.11022766957689724,0.10575660526161315,-0.8379999999999999,0.8949999999999999,0.06,0.085,0.119,1489,0
MAC000019-2012-09-30,0.02,0.864,0.12133934767522553,0.11289055989401975,-0.71,0.796,0.064,0.095,0.139,1441,0
MAC000019-2012-10-31,0.019,1.1720001,0.11301074553391537,0.10236474172963697,-0.9350001,1.0830001,0.059,0.092,0.13,1489,0
MAC000019-2012-11-30,0.01,1.409,0.11321443442054129,0.11520713453193049,-1.149,0.7859999999999999,0.054,0.088,0.13,1441,0
MAC000019-2012-12-31,0.011,1.087,0.13295903290799194,0.12789026951110566,-0.813,0.974,0.061,0.099,0.167,1489,1
MAC000019-2013-01-31,0.028,1.136,0.16599059764942914,0.15224742370246008,-0.7829999000000001,0.694,0.085,0.123,0.19,1489,0
MAC000019-2013-02-28,0.028,1.17,0.15466542750929368,0.15776683142222359,-0.8,0.889,0.069,0.114,0.181,1345,0
MAC000019-2013-03-31,0.024,1.641,0.14368166568166554,0.1599723797640185,-0.8740001000000001,1.202,0.061,0.094,0.167,1489,0
MAC000019-2013-04-30,0.025,0.931,0.12661415683553087,0.11791389122528885,-0.6499999999999999,0.8240000000000001,0.069,0.095,0.147,1441,0
MAC000019-2013-05-31,0.022,1.45,0.11232236400268636,0.1168359790972456,-0.692,1.339,0.053,0.089,0.123,1489,0
MAC000019-2013-06-30,0.025,0.986,0.12005829285218597,0.10856489707710039,-0.641,0.875,0.075,0.095,0.131,1441,0
MAC000019-2013-07-31,0.025,0.95,0.11754331766286097,0.0852904172787138,-0.6719999999999999,0.833,0.086,0.102,0.119,1489,0
MAC000019-2013-08-31,0.023,0.972,0.1353378106111484,0.11424230016071014,-0.736,0.859,0.084,0.104,0.151,1489,0
MAC000019-2013-09-30,0.017,1.026,0.13584038861901457,0.12179810619702675,-0.7999999999999999,0.857,0.075,0.106,0.156,1441,0
MAC000019-2013-10-31,0.017,1.0,0.1259905977165883,0.11453985157887045,-0.771,0.837,0.064,0.098,0.152,1489,0
MAC000019-2013-11-30,0.012,1.378,0.08197224149895906,0.09715016615778937,-1.0539999999999998,0.929,0.037,0.057,0.092,1441,0
MAC000019-2013-12-31,0.019,1.068,0.16166420402955003,0.14326231148315685,-0.838,0.8829999,0.079,0.125,0.191,1489,0
MAC000019-2014-01-31,0.015,1.4910001,0.16310544002686367,0.14017329638493378,-1.2910001,0.9470000999999999,0.082,0.136,0.193,1489,0
MAC000019-2014-02-28,0.016,1.137,0.15653004622496147,0.14150621447185135,-0.768,0.808,0.079,0.125,0.179,1298,0
MAC000020-2011-12-31,0.047,1.4170001,0.1831928934856176,0.16476572100154824,-1.0490000000000002,1.0530001000000002,0.076,0.135,0.23675,1182,0
MAC000020-2012-01-31,0.041,1.48,0.1767286768300873,0.16943350033134824,-1.189,1.22,0.07,0.123,0.224,1489,0
MAC000020-2012-02-29,0.041,1.374,0.1684529791816224,0.16810607704501876,-0.9349999999999999,1.093,0.065,0.099,0.223,1393,0
MAC000020-2012-03-31,0.038,1.196,0.1351559140456989,0.1355224020667954,-1.009,0.96,0.063,0.084,0.167,1488,0
MAC000020-2012-04-30,0.041,1.3710001,0.13577029847328245,0.13959519157544245,-1.042,1.007,0.065,0.089,0.16,1441,0
MAC000020-2012-05-31,0.044,1.131,0.12747615849563465,0.12132811585113154,-0.947,0.9410000000000001,0.063,0.085,0.155,1489,0
MAC000020-2012-06-30,0.041,1.126,0.12317487855655795,0.12138946140706387,-0.825,1.0139999999999998,0.062,0.083,0.142,1441,0
MAC000020-2012-07-31,0.04,1.0880001,0.11331631974479517,0.10748310760116,-0.865,0.9880000999999999,0.061,0.078,0.131,1489,0
MAC000020-2012-08-31,0.042,1.164,0.11844929496306246,0.11945945904741266,-0.865,1.075,0.063,0.079,0.132,1489,0
MAC000020-2012-09-30,0.04,1.311,0.12195211658570437,0.12779193619155482,-1.163,0.9529999999999998,0.059,0.074,0.141,1441,0
MAC000020-2012-10-31,0.037,1.257,0.14206984560107455,0.14115671561687618,-0.8250000000000001,0.9919999999999999,0.063,0.093,0.183,1489,0
MAC000020-2012-11-30,0.036,1.1059999,0.14855516995142262,0.13869671066879458,-0.8649999,0.974,0.065,0.097,0.199,1441,0
MAC000020-2012-12-31,0.032,1.37,0.1737353928139691,0.16885056057397022,-0.9950000000000001,1.1030000000000002,0.07,0.116,0.23,1489,1
MAC000020-2013-01-31,0.032,1.702,0.18855913978494626,0.19095487729269664,-0.9440000000000001,1.127,0.067,0.149,0.231,1488,0
MAC000020-2013-02-28,0.034,1.609,0.1336557620817844,0.15809304829131032,-1.112,1.484,0.054,0.074,0.173,1345,0
MAC000020-2013-03-31,0.035,0.121,0.06060577568838147,0.016483406252130323,-0.068,0.066,0.046,0.059,0.071,1489,0
MAC000020-2013-04-30,0.035,2.0090001,0.08037543386537127,0.10809446901451708,-1.0160001000000003,1.502,0.047,0.059,0.074,1441,0
MAC000020-2013-05-31,0.038,1.7130001,0.12832437884486234,0.14733256528481492,-1.4580001,1.4550001,0.058,0.078,0.151,1489,0
MAC000020-2013-06-30,0.039,1.525,0.11844097222222223,0.12825692753138415,-0.85,0.99,0.056,0.072,0.14,1440,0
MAC000020-2013-07-31,0.039,0.915,0.10443384822028208,0.09745688919403017,-0.789,0.811,0.058,0.073,0.112,1489,0
MAC000020-2013-08-31,0.035,1.1799999,0.1132384149764943,0.10622948932107383,-0.9989999999999999,1.033,0.057,0.077,0.133,1489,0
MAC000020-2013-09-30,0.032,1.372,0.12563289382373352,0.13175750769467232,-1.0490000000000002,1.3030000000000002,0.055,0.075,0.153,1441,0
MAC000020-2013-10-31,0.029,1.2130001,0.1382431161853593,0.1424928550089067,-0.9849999999999999,0.9020001,0.059,0.086,0.179,1489,0
MAC000020-2013-11-30,0.036,1.237,0.1557404580846634,0.1600439199909703,-1.002,0.867,0.061,0.101,0.187,1441,0
MAC000020-2013-12-31,0.024,1.619,0.1620147750167898,0.15927602434795318,-1.209,1.188,0.065,0.114,0.207,1489,0
MAC000020-2014-01-31,0.031,1.796,0.16711887165883144,0.17183315034223715,-0.986,0.99,0.066,0.118,0.198,1489,0
MAC000020-2014-02-28,0.033,1.474,0.15944607080123266,0.15836246290325684,-0.788,1.221,0.066,0.1115,0.197,1298,0
MAC000021-2011-12-31,0.271,1.601,0.5197798475867909,0.22760313502125215,-0.936,0.664,0.376,0.424,0.539,1181,0
MAC000021-2012-01-31,0.267,2.1300001,0.4662437880456682,0.20635082928645007,-1.3090001000000002,1.4689999999999999,0.362,0.401,0.457,1489,0
MAC000021-2012-02-29,0.286,2.8080001,0.5200603012203876,0.21651585507783858,-1.052,2.2790001,0.403,0.46,0.535,1393,0
MAC000021-2012-03-31,0.221,1.9400001,0.45584284748153125,0.1638831317567243,-1.2890001,1.1939999000000001,0.364,0.408,0.48,1489,0
MAC000021-2012-04-30,0.247,2.3050001,0.5100374741151977,0.23186309215603942,-1.6480001,1.8110001,0.375,0.441,0.539,1441,0
MAC000021-2012-05-31,0.181,2.237,0.48810409670920085,0.19737303132144848,-0.869,1.0649999,0.371,0.432,0.535,1489,0
MAC000021-2012-06-30,0.24,2.0120001,0.44767800152671755,0.18088334380657559,-1.025,1.033,0.348,0.386,0.458,1441,0
MAC000021-2012-07-31,0.106,1.75,0.33918938878441907,0.2186035043100354,-1.0529999,1.476,0.215,0.271,0.373,1489,0
MAC000021-2012-08-31,0.158,2.0599999,0.4191813300201478,0.20039417714062868,-0.9239999999999999,1.4009999999999998,0.319,0.361,0.416,1489,0
MAC000021-2012-09-30,0.179,2.3729999,0.42920625013888886,0.205799864527455,-1.282,1.409,0.338,0.371,0.414,1440,0
MAC000021-2012-10-31,0.239,2.6359999,0.4898206848891874,0.25919876297902883,-1.3210001,1.2419998999999997,0.358,0.399,0.48,1489,0
MAC000021-2012-11-30,0.294,1.885,0.5236946565579459,0.22749179749882698,-1.32,1.0310000000000001,0.384,0.432,0.553,1441,0
MAC000021-2012-12-31,0.281,2.0480001,0.535135661853593,0.24018827945606155,-1.164,1.281,0.382,0.439,0.576,1489,1
MAC000021-2013-01-31,0.297,2.3789999,0.5441974476830087,0.26595629719747554,-1.2969998999999999,1.2179999000000001,0.395,0.445,0.528,1489,0
MAC000021-2013-02-28,0.317,2.7160001,0.526488475613383,0.22851800284443535,-2.0590001,1.237,0.401,0.447,0.514,1345,0
MAC000021-2013-03-31,0.285,1.978,0.5240685026192076,0.21113339449800061,-1.4409999999999998,1.424,0.412,0.46,0.523,1489,0
MAC000021-2013-04-30,0.233,1.8839999,0.49423872324774465,0.21358936822979324,-1.175,0.946,0.38,0.42,0.505,1441,0
MAC000021-2013-05-31,0.216,2.2190001,0.4492028208193418,0.20645985432401792,-0.9339999999999999,1.294,0.351,0.381,0.447,1489,0
MAC000021-2013-06-30,0.218,1.336,0.39298265100624563,0.12676602105650325,-0.731,0.857,0.336,0.359,0.396,1441,0
MAC000021-2013-07-31,0.093,1.676,0.2550456682337139,0.14984044581932263,-1.032,1.242,0.158,0.198,0.337,1489,0
MAC000021-2013-08-31,0.093,1.627,0.35751914029550036,0.1743805965487287,-1.0879999999999999,0.952,0.283,0.329,0.368,1489,0
MAC000021-2013-09-30,0.193,2.2149999,0.46206800832755035,0.23294198390190543,-1.0419999999999998,0.9930001000000002,0.332,0.375,0.481,1441,0
MAC000021-2013-10-31,0.24,1.971,0.49864919375,0.28030486988719405,-0.8210000000000001,1.1030000000000002,0.332,0.3705,0.51725,1488,0
MAC000021-2013-11-30,0.251,2.648,0.5348466340041638,0.2851956994896636,-1.1049999999999998,1.501,0.375,0.423,0.523,1441,0
MAC000021-2013-12-31,0.307,1.937,0.5080476830087307,0.22679996533630697,-0.8689999999999999,1.1150000000000002,0.375,0.42,0.498,1489,0
MAC000021-2014-01-31,0.266,2.102,0.5246675617864338,0.24658835737102372,-1.15,1.068,0.383,0.43,0.534,1489,0
MAC000021-2014-02-28,0.283,1.779,0.46415023120184895,0.19064925745867858,-1.048,1.172,0.362,0.403,0.45975,1298,0
MAC000022-2011-12-31,0.107,1.1619999,0.27240338983050844,0.14663057607956637,-0.8690001,0.724,0.159,0.2565,0.318,1180,0
MAC000022-2012-01-31,0.109,1.178,0.3959570181329752,0.17174141142610097,-0.6419999999999999,0.649,0.269,0.4,0.53,1489,0
MAC000022-2012-02-29,0.109,1.449,0.4144816941852118,0.17456437525629898,-0.5019999999999999,0.6129999999999999,0.3,0.415,0.546,1393,0
MAC000022-2012-03-31,0.107,1.191,0.2826406983210208,0.1584408501396141,-0.7029999,0.7020000000000001,0.168,0.241,0.351,1489,0
MAC000022-2012-04-30,0.104,1.1109999,0.2265981956280361,0.1154278218990253,-0.577,0.6689999,0.134,0.188,0.281,1441,0
MAC000022-2012-05-31,0.025,0.8,0.18043653458697112,0.09933820074217437,-0.44600000000000006,0.5820000000000001,0.121,0.175,0.232,1489,0
MAC000022-2012-06-30,0.018,0.77,0.11040527411519778,0.08285868709869806,-0.48000000000000004,0.612,0.04,0.098,0.169,1441,0
MAC000022-2012-07-31,0.017,0.81,0.1100436534586971,0.07869811895101564,-0.5189999999999999,0.7040000000000001,0.041,0.098,0.165,1489,0
MAC000022-2012-08-31,0.018,0.938,0.11013297515110812,0.0785492862490932,-0.7609999999999999,0.7719999999999999,0.042,0.099,0.16,1489,0
MAC000022-2012-09-30,0.017,1.1799999,0.1372866064538515,0.12244633298058029,-0.8579999,0.8629999000000002,0.04,0.108,0.181,1441,0
MAC000022-2012-10-31,0.019,1.385,0.17583266122311828,0.13990398078333377,-0.6869999999999999,0.6659999999999999,0.098,0.158,0.222,1488,0
MAC000022-2012-11-30,0.037,1.1950001,0.3267404579458709,0.16656892303155751,-0.544,0.5309999999999999,0.181,0.301,0.431,1441,0
MAC000022-2012-12-31,0.072,1.153,0.4268186701813298,0.13408814634965244,-0.567,0.573,0.354,0.409,0.51,1489,1
MAC000022-2013-01-31,0.06,1.112,0.41189523169912695,0.13986073536656007,-0.531,0.6339999999999999,0.355,0.404,0.505,1489,0
MAC000022-2013-02-28,0.054,1.294,0.40280892200743496,0.16177473229895356,-0.564,0.645,0.346,0.384,0.514,1345,0
MAC000022-2013-03-31,0.059,1.12,0.38636827970430104,0.15709057960993242,-0.6579999999999999,0.5840000000000001,0.33375,0.382,0.506,1488,0
MAC000022-2013-04-30,0.057,1.142,0.2705808465648855,0.16312695440226274,-0.484,0.712,0.134,0.227,0.383,1441,0
MAC000022-2013-05-31,0.016,0.763,0.12416185359301546,0.0913117150017559,-0.522,0.639,0.056,0.103,0.169,1489,0
MAC000022-2013-06-30,0.021,0.715,0.11280083275503122,0.08819994582623328,-0.566,0.5730000000000001,0.039,0.098,0.167,1441,0
MAC000022-2013-07-31,0.028,0.945,0.1160859637340497,0.09219613339979259,-0.506,0.576,0.045,0.099,0.165,1489,0
MAC000022-2013-08-31,0.027,0.715,0.12750302216252518,0.10330491144550497,-0.43599999999999994,0.547,0.043,0.102,0.174,1489,0
MAC000022-2013-09-30,0.023,1.067,0.17435600277585012,0.15015103130444651,-0.528,0.839,0.074,0.133,0.213,1441,0
MAC000022-2013-10-31,0.051,1.163,0.22917394217595702,0.1907447095191343,-0.5869999000000001,0.6859999999999999,0.079,0.177,0.277,1489,0
MAC000022-2013-11-30,0.055,1.099,0.28801804302567663,0.16814273766588522,-0.5439999999999999,0.571,0.133,0.269,0.395,1441,0
MAC000022-2013-12-31,0.294,1.16,0.4376138347884486,0.10243677225398161,-0.5920000999999999,0.6349999999999999,0.351,0.415,0.511,1489,0
MAC000022-2014-01-31,0.059,1.437,0.41391873747481533,0.13541297182546394,-0.7320000999999999,0.7360000999999999,0.343,0.395,0.504,1489,0
MAC000022-2014-02-28,0.085,1.183,0.42833204326625385,0.10986836862949911,-0.6639999999999999,0.6679999999999999,0.346,0.398,0.50425,1292,0
MAC000023-2011-12-31,0.036,2.4649999,0.29674999940677965,0.3281400168087632,-1.3199999,1.8419999,0.103,0.158,0.39825,1180,0
MAC000023-2012-01-31,0.04,2.352,0.40020900557795697,0.35854494579510326,-1.537,1.5549999999999997,0.10975,0.2895,0.5872499999999999,1488,0
MAC000023-2012-02-29,0.037,2.4100001,0.3349310341954023,0.34867300140165425,-1.21,1.315,0.108,0.167,0.484,1392,0
MAC000023-2012-03-31,0.044,1.957,0.41146608428475484,0.33966651479632776,-1.3,1.249,0.132,0.314,0.576,1489,0
MAC000023-2012-04-30,0.044,2.404,0.2914156829979181,0.30569693430387795,-1.1589999999999998,1.345,0.107,0.161,0.388,1441,0
MAC000023-2012-05-31,0.046,1.745,0.3205231698455339,0.29189223361217875,-1.1390000000000002,1.296,0.111,0.198,0.449,1489,0
MAC000023-2012-06-30,0.048,1.8430001,0.3122949342817488,0.29128926584697185,-1.072,1.2190001000000001,0.11,0.173,0.434,1441,0
MAC000023-2012-07-31,0.044,1.779,0.14003022149093353,0.1587342771386695,-1.233,1.3199999999999998,0.056,0.105,0.149,1489,0
MAC000023-2012-08-31,0.045,1.633,0.16687642719946272,0.1648943728536599,-1.087,0.911,0.074,0.118,0.172,1489,0
MAC000023-2012-09-30,0.045,2.1700001,0.333742539833449,0.3157869395409185,-1.0489999,1.4410001000000001,0.109,0.206,0.467,1441,0
MAC000023-2012-10-31,0.04,1.7180001,0.3044667567494963,0.2879180436242448,-0.964,1.1420000000000001,0.104,0.166,0.455,1489,0
MAC000023-2012-11-30,0.036,2.0550001,0.2900291464954892,0.2989197994846105,-1.201,1.2530000000000001,0.102,0.157,0.403,1441,0
MAC000023-2012-12-31,0.037,1.766,0.35373801498987173,0.33789175528669235,-1.0959999999999999,1.547,0.104,0.195,0.522,1481,1
MAC000023-2013-01-31,0.029,2.2550001,0.3539019478173271,0.334862959809571,-1.8000001,1.534,0.103,0.227,0.504,1489,0
MAC000023-2013-02-28,0.036,2.1760001,0.29089442408921934,0.29569993897609015,-1.1230000000000002,1.236,0.105,0.159,0.421,1345,0
MAC000023-2013-03-31,0.034,1.9529999,0.3684811824596774,0.3254684775852814,-1.254,1.185,0.112,0.2695,0.518,1488,0
MAC000023-2013-04-30,0.034,2.027,0.2582109647467037,0.26673541082081026,-1.185,1.3960000000000001,0.104,0.15,0.324,1441,0
MAC000023-2013-05-31,0.046,2.0179999,0.3030376092008059,0.29204067621417024,-1.176,1.649,0.108,0.172,0.417,1489,0
MAC000023-2013-06-30,0.047,1.855,0.323111727758501,0.2833352286778082,-1.402,1.3559999,0.11,0.224,0.444,1441,0
MAC000023-2013-07-31,0.045,1.596,0.17311081255876426,0.16993639004260286,-0.9700000000000001,1.133,0.08,0.115,0.181,1489,0
MAC000023-2013-08-31,0.044,1.433,0.11222565480188046,0.13114739250865387,-0.764,1.004,0.057,0.076,0.112,1489,0
MAC000023-2013-09-30,0.051,1.728,0.32615336564885494,0.30679762261999793,-1.104,1.291,0.105,0.212,0.461,1441,0
MAC000023-2013-10-31,0.047,1.928,0.27546406971121556,0.28461913569584335,-0.915,1.229,0.101,0.144,0.37,1489,0
MAC000023-2013-11-30,0.043,2.25,0.3339104789035392,0.3066638560511915,-1.152,1.028,0.103,0.215,0.484,1441,0
MAC000023-2013-12-31,0.043,2.0209999,0.3222646069845534,0.33466215649174075,-1.0450001,1.147,0.095,0.147,0.477,1489,0
MAC000023-2014-01-31,0.044,2.073,0.359462055809268,0.32352801088252225,-1.3439999999999999,1.279,0.103,0.256,0.52,1489,0
MAC000023-2014-02-28,0.043,1.906,0.3132904466872111,0.3004667676712886,-1.2369999999999999,1.189,0.097,0.187,0.44575,1298,0
MAC000024-2011-12-31,0.028,4.073,0.5830822734520781,0.6431860306507874,-2.7310000000000003,3.2560000000000002,0.0615,0.287,0.9065000000000001,1179,0
MAC000024-2012-01-31,0.029,4.1490002,0.5744640692411014,0.6157877109329182,-3.3310001999999996,3.6110001999999994,0.122,0.32,0.92,1489,0
MAC000024-2012-02-29,0.034,4.5830002,0.7725613786791099,0.8307558374630148,-4.2220002,3.3450001,0.154,0.401,1.165,1393,0
MAC000024-2012-03-31,0.033,4.0479999,0.40471524452652785,0.5753486126030105,-3.3019998999999998,3.2359998999999995,0.053,0.154,0.515,1489,0
MAC000024-2012-04-30,0.032,4.1129999,0.41033310083275504,0.5531831462031104,-3.6039999,3.4960001,0.055,0.166,0.583,1441,0
MAC000024-2012-05-31,0.032,3.7590001,0.3095171257891202,0.40775547855455613,-2.6860001,2.5630001,0.062,0.157,0.366,1489,0
MAC000024-2012-06-30,0.031,2.4360001,0.16203886197085357,0.2663684931179373,-1.9430001,1.8800000999999997,0.045,0.073,0.161,1441,0
MAC000024-2012-07-31,0.029,2.187,0.17287500034722222,0.24016081140453766,-1.9339999999999997,1.9129999999999998,0.063,0.079,0.19,1440,0
MAC000024-2012-08-31,0.03,2.22,0.15511962372311827,0.2212211765811896,-1.8490000000000002,1.9779999999999998,0.052,0.077,0.175,1488,0
MAC000024-2012-09-30,0.031,3.2720001,0.24117291680555553,0.36718941798000965,-2.1780001,2.5750001,0.056,0.1065,0.24125,1440,0
MAC000024-2012-10-31,0.03,3.652,0.33923035587642714,0.4700749570332481,-2.527,2.5019999,0.056,0.147,0.395,1489,0
MAC000024-2012-11-30,0.03,4.7280002,0.5139569745315753,0.641762723682698,-2.8440001,3.6090002000000005,0.065,0.168,0.965,1441,0
MAC000024-2012-12-31,0.031,4.342,0.8928173260577569,0.9524902025095181,-3.3839998999999996,3.7809999,0.162,0.52,1.223,1489,1
MAC000024-2013-01-31,0.028,4.974,0.8898716384408601,0.9053991238073859,-2.951,4.371,0.16875,0.555,1.328249925,1488,0
MAC000024-2013-02-28,0.028,4.4689999,0.7933903342007435,0.9155021141719064,-3.5089999,3.8609999,0.101,0.398,1.169,1345,0
MAC000024-2013-03-31,0.028,4.5749998,0.7063069161182001,0.8246084782954225,-3.2349997999999998,3.7199999999999998,0.113,0.328,1.103,1489,0
MAC000024-2013-04-30,0.027,4.9109998,0.45302290048577376,0.6560738905754346,-4.0179998999999995,3.7289999,0.062,0.155,0.579,1441,0
MAC000024-2013-05-31,0.026,3.7349999,0.21551511081262592,0.38236582898977384,-2.6299999,3.0049999,0.041,0.063,0.168,1489,0
MAC000024-2013-06-30,0.027,4.0190001,0.21004718979875087,0.34036579465279987,-3.9370001000000006,3.4319999,0.056,0.107,0.197,1441,0
MAC000024-2013-07-31,0.03,2.4619999,0.16657085278710543,0.24404661482255322,-2.152,2.4259999,0.058,0.085,0.181,1489,0
MAC000024-2013-08-31,0.027,2.046,0.16850100752182673,0.2349175110347999,-1.791,1.834,0.055,0.082,0.184,1489,0
MAC000024-2013-09-30,0.028,2.4590001,0.21249271339347675,0.3029049836911307,-2.2400001,2.0520001,0.053,0.083,0.205,1441,0
MAC000024-2013-10-31,0.03,3.2409999,0.30965480194761585,0.40629667323886637,-2.0659999,2.7179999,0.059,0.147,0.388,1489,0
MAC000024-2013-11-30,0.03,5.0250001,0.5121984738376127,0.6091176301553408,-3.2950000999999998,4.1610001,0.074,0.231,0.784,1441,0
MAC000024-2013-12-31,0.03,4.2550001,0.5471229010073875,0.6405520125576405,-2.7460002,3.0380001,0.075,0.205,1.043,1489,0
MAC000024-2014-01-31,0.03,3.5999999,0.5607562124916051,0.6287139776216824,-3.0659999,2.8029999,0.129,0.226,0.962,1489,0
MAC000024-2014-02-28,0.031,4.086,0.509684129661017,0.6262199783874499,-3.096,3.676,0.075,0.2075,0.70975,1298,0
MAC000025-2011-12-31,0.0,2.2869999,0.09054452934690416,0.24158983281015114,-1.841,1.8759999,0.002,0.024,0.063,1179,0
MAC000025-2012-01-31,0.0,2.3280001,0.10285627965077233,0.27453426211115917,-2.0600001,2.2750001,0.008,0.024,0.069,1489,0
MAC000025-2012-02-29,0.0,2.188,0.09952117702799713,0.25164737703300366,-2.0540000000000003,2.1599999000000003,0.005,0.023,0.069,1393,0
MAC000025-2012-03-31,0.0,1.974,0.10428360235215053,0.23102936973898403,-1.665,1.834,0.01175,0.033,0.076,1488,0
MAC000025-2012-04-30,0.0,2.0039999,0.10071160507296734,0.23550515430699012,-1.6399999000000003,1.8209999000000001,0.012,0.036,0.064,1439,0
MAC000025-2012-05-31,0.0,1.9579999,0.0912925352387357,0.2113611009648581,-1.548,1.8869999,0.019,0.038,0.066,1487,0
MAC000025-2012-06-30,0.0,1.948,0.09418333340277776,0.23519203915696182,-1.652,1.766,0.01475,0.039,0.066,1440,0
MAC000025-2012-07-31,0.0,1.913,0.08814304902619208,0.21275089333922448,-1.675,1.812,0.012,0.035,0.065,1489,0
MAC000025-2012-08-31,0.0,1.721,0.08982874412357286,0.20570856325606876,-1.3559999999999999,1.5550000000000002,0.014,0.037,0.07,1489,0
MAC000025-2012-09-30,0.001,1.603,0.07578209583622485,0.1762488809143243,-1.285,1.558,0.01,0.029,0.061,1441,0
MAC000025-2012-10-31,0.002,1.724,0.08365053763440859,0.21090748675405177,-1.444,1.687,0.012,0.028,0.05925,1488,0
MAC000025-2012-11-30,0.0,1.827,0.09661415669673837,0.22090703007092008,-1.597,1.779,0.014,0.027,0.059,1441,0
MAC000025-2012-12-31,0.003,1.723,0.08475470443548387,0.20847019552162818,-1.344,1.693,0.01,0.024,0.05825,1488,1
MAC000025-2013-01-31,0.004,1.693,0.10048185510752689,0.23447030632501714,-1.236,1.627,0.012,0.026,0.063,1488,0
MAC000025-2013-02-28,0.003,1.706,0.10675651518987342,0.23639486981341287,-1.556,1.624,0.014,0.034,0.064,1343,0
MAC000025-2013-03-31,0.002,1.698,0.10835325715245131,0.23769349779594573,-1.3059999999999998,1.539,0.015,0.03,0.064,1489,0
MAC000025-2013-04-30,0.0,1.559,0.10389999972222223,0.22143030013907375,-1.216,1.544,0.01575,0.029,0.065,1440,0
MAC000025-2013-05-31,0.0,1.678,0.10937071867024849,0.23478212510908325,-1.481,1.6179999999999999,0.017,0.033,0.068,1489,0
MAC000025-2013-06-30,0.0,1.58,0.1238147120055517,0.23911950110234512,-1.1340000000000001,1.412,0.021,0.047,0.081,1441,0
MAC000025-2013-07-31,0.0,1.61,0.10985685490591399,0.22178327926121538,-1.312,1.393,0.02,0.043,0.072,1488,0
MAC000025-2013-08-31,0.0,1.551,0.09615312283411685,0.19823480577309988,-1.3130000000000002,1.544,0.012,0.038,0.069,1489,0
MAC000025-2013-09-30,0.0,1.719,0.1000263888888889,0.21588937054841387,-1.214,1.6640000000000001,0.012,0.032,0.065,1440,0
MAC000025-2013-10-31,0.0,1.748,0.10249764969778374,0.2268233367969638,-1.312,1.721,0.012,0.033,0.063,1489,0
MAC000025-2013-11-30,0.0,1.783,0.10491533622484385,0.24313876425930028,-1.365,1.698,0.013,0.032,0.065,1441,0
MAC000025-2013-12-31,0.0,1.7539999,0.09000738750839489,0.20970552654151675,-1.511,1.6769999,0.013,0.027,0.062,1489,0
MAC000025-2014-01-31,0.002,1.698,0.11296373404969778,0.2296105075958267,-1.4909999,1.477,0.019,0.046,0.074,1489,0
MAC000025-2014-02-28,0.0,3.1500001,0.1106918337442219,0.24575779551440133,-2.8240001,3.1020001,0.018,0.046,0.068,1298,0
MAC000026-2011-12-31,0.084,2.6229999,0.2921196942275042,0.28786458331370024,-1.3549999,1.4309999,0.132,0.1785,0.3185,1178,0
MAC000026-2012-01-31,0.084,2.003,0.22670114177300202,0.20212587600889922,-1.336,1.227,0.13,0.158,0.209,1489,0
MAC000026-2012-02-29,0.084,2.5580001,0.2848470928930366,0.29490163931703267,-1.7440001,1.9550001,0.133,0.181,0.26,1393,0
MAC000026-2012-03-31,0.085,2.8559999,0.31225050349227673,0.3379083315514784,-1.459,1.4130000000000003,0.139,0.186,0.312,1489,0
MAC000026-2012-04-30,0.086,2.0150001,0.27506037494795277,0.25561174759367,-1.1020001,1.476,0.136,0.181,0.304,1441,0
MAC000026-2012-05-31,0.086,1.882,0.25226259234385495,0.21541697232200024,-1.4169999999999998,1.503,0.138,0.185,0.241,1489,0
MAC000026-2012-06-30,0.125,1.977,0.23860097168632893,0.204864558749256,-1.4820000000000002,1.4809999999999999,0.139,0.173,0.227,1441,0
MAC000026-2012-07-31,0.125,2.244,0.2292787106111484,0.20793118131927932,-1.335,1.5610000000000002,0.136,0.163,0.188,1489,0
MAC000026-2012-08-31,0.125,1.502,0.1761074546675621,0.10568875119775076,-0.877,0.888,0.131,0.154,0.178,1489,0
MAC000026-2012-09-30,0.13,2.221,0.29410340034698124,0.2155246012809961,-0.9610000000000001,1.7750000000000001,0.154,0.192,0.386,1441,0
MAC000026-2012-10-31,0.091,1.779,0.31579650799194087,0.24004001153314017,-1.02,1.2660001,0.155,0.202,0.421,1489,0
MAC000026-2012-11-30,0.086,2.069,0.3280187372657876,0.25121284570543206,-1.08,1.486,0.15,0.217,0.456,1441,0
MAC000026-2012-12-31,0.126,2.572,0.27178912041638686,0.27459079561817423,-1.3190000000000002,1.508,0.133,0.171,0.238,1489,1
MAC000026-2013-01-31,0.085,1.749,0.21333109462726663,0.1632273251385821,-1.347,1.4600000000000002,0.132,0.157,0.196,1489,0
MAC000026-2013-02-28,0.086,2.3959999,0.2353474697172619,0.22649968991920502,-1.8989999000000002,1.6649999,0.119,0.1555,0.217,1344,0
MAC000026-2013-03-31,0.102,1.617,0.23622715053763443,0.19888533555494195,-1.037,1.205,0.12,0.162,0.255,1488,0
MAC000026-2013-04-30,0.102,2.2820001,0.2490321455625437,0.2326930495043172,-1.79,1.787,0.1315,0.166,0.234,1431,0
MAC000026-2013-05-31,0.112,2.0079999,0.2767347213566152,0.25181389041863933,-1.3239999,1.5639999000000002,0.135,0.179,0.317,1489,0
MAC000026-2013-06-30,0.111,1.811,0.2438327548924358,0.22583046180907432,-1.306,1.1960000000000002,0.13,0.163,0.237,1441,0
MAC000026-2013-07-31,0.104,1.783,0.22082459670698926,0.1865165275694685,-0.8680000000000001,1.298,0.134,0.166,0.2,1488,0
MAC000026-2013-08-31,0.108,1.852,0.19775957004701142,0.161868353566439,-1.086,1.21,0.13,0.155,0.184,1489,0
MAC000026-2013-09-30,0.089,1.653,0.2716439973629424,0.2244387609799634,-1.212,1.2329999999999999,0.138,0.181,0.319,1441,0
MAC000026-2013-10-31,0.09,2.108,0.26649563472128945,0.22220602555381677,-1.1029999,0.9730000000000001,0.133,0.173,0.347,1489,0
MAC000026-2013-11-30,0.089,2.6289999,0.3238584315752949,0.30290683718993167,-1.389,1.242,0.139,0.181,0.418,1441,0
MAC000026-2013-12-31,0.088,2.237,0.24867427817327065,0.2471448570374605,-1.077,1.5350000000000001,0.127,0.155,0.218,1489,0
MAC000026-2014-01-31,0.087,1.67,0.17280053734049697,0.1454379554722297,-1.323,1.218,0.115,0.135,0.17,1489,0
MAC000026-2014-02-28,0.091,1.9960001,0.38279969175654854,0.301569090840516,-1.6430001,1.4289999999999998,0.165,0.259,0.5317500000000001,1298,0
MAC000027-2011-12-31,0.027,1.071,0.20257385398981326,0.09561352251610587,-0.869,0.6419999999999999,0.13725,0.18,0.25375000000000003,1178,0
MAC000027-2012-01-31,0.023,0.879,0.1879026192075218,0.10315091277495898,-0.644,0.554,0.116,0.175,0.247,1489,0
MAC000027-2012-02-29,0.051,0.884,0.21140057430007178,0.09709295551771098,-0.583,0.63,0.143,0.188,0.264,1393,0
MAC000027-2012-03-31,0.084,0.883,0.20520013431833445,0.08444428700337768,-0.591,0.6819999999999999,0.141,0.186,0.248,1489,0
MAC000027-2012-04-30,0.083,0.814,0.2011970853573907,0.08211609341081999,-0.528,0.564,0.138,0.186,0.245,1441,0
MAC000027-2012-05-31,0.067,0.749,0.19096440564137004,0.07834230579547338,-0.46799999999999997,0.488,0.134,0.172,0.236,1489,0
MAC000027-2012-06-30,0.036,1.156,0.17196807772380293,0.10888165890969553,-0.7249999999999999,0.849,0.105,0.138,0.205,1441,0
MAC000027-2012-07-31,0.035,1.4299999,0.19948085950302216,0.12280747372404177,-0.829,0.9299999000000001,0.128,0.176,0.242,1489,0
MAC000027-2012-08-31,0.035,0.873,0.19392612491605107,0.08988744408047433,-0.5720000000000001,0.644,0.132,0.179,0.241,1489,0
MAC000027-2012-09-30,0.033,1.2920001,0.18202914649548924,0.10722096537137515,-0.727,1.0310001,0.116,0.164,0.224,1441,0
MAC000027-2012-10-31,0.063,0.927,0.1864808596373405,0.10370247228682791,-0.7030000000000001,0.789,0.115,0.159,0.23,1489,0
MAC000027-2012-11-30,0.036,1.671,0.19302914649548925,0.1244452494273315,-1.438,0.9610000000000001,0.12,0.164,0.228,1441,0
MAC000027-2012-12-31,0.08,1.061,0.1974042981867025,0.104264753644177,-0.824,0.7939999999999999,0.128,0.176,0.231,1489,1
MAC000027-2013-01-31,0.029,1.284,0.1964264608462055,0.11562077825910091,-0.8410000999999999,1.1080001,0.118,0.169,0.245,1489,0
MAC000027-2013-02-28,0.08,1.183,0.19247434944237918,0.12695709391065127,-0.921,0.9710000000000001,0.115,0.154,0.234,1345,0
MAC000027-2013-03-31,0.075,1.118,0.19708059100067157,0.10870174843869346,-0.7979999999999999,0.831,0.123,0.172,0.239,1489,0
MAC000027-2013-04-30,0.08,1.437,0.2006585704371964,0.11749772461347419,-0.7939999999999999,0.858,0.126,0.17,0.239,1441,0
MAC000027-2013-05-31,0.029,1.068,0.1877783747481531,0.10820357674902209,-0.833,0.816,0.118,0.16,0.228,1489,0
MAC000027-2013-06-30,0.023,1.147,0.20584247050659266,0.10739747449701405,-0.781,0.915,0.14,0.181,0.247,1441,0
MAC000027-2013-07-31,0.027,0.905,0.17223975822699797,0.09380373516043498,-0.5920000000000001,0.6990000000000001,0.108,0.147,0.213,1489,0
MAC000027-2013-08-31,0.048,1.001,0.16974345198119542,0.09432610443345976,-0.69,0.8089999999999999,0.109,0.15,0.202,1489,0
MAC000027-2013-09-30,0.022,0.916,0.150587786259542,0.0958744518492159,-0.677,0.747,0.085,0.129,0.193,1441,0
MAC000027-2013-10-31,0.045,1.196,0.15774882471457355,0.10101317404647295,-0.832,0.956,0.087,0.128,0.2,1489,0
MAC000027-2013-11-30,0.04,1.2589999,0.1647897292852186,0.1229511733178855,-0.9709999,1.014,0.086,0.128,0.206,1441,0
MAC000027-2013-12-31,0.045,1.1900001,0.18015177971793148,0.11692446477660512,-0.8420001,0.894,0.101,0.155,0.224,1489,0
MAC000027-2014-01-31,0.042,1.16,0.1686108108108108,0.1110499276362221,-0.7829999999999999,0.8969999999999999,0.09,0.14,0.213,1480,0
MAC000027-2014-02-28,0.041,1.47,0.17544607087827427,0.12791863476541593,-1.014,1.135,0.09225,0.144,0.21775,1298,0
MAC000028-2011-12-31,0.038,0.687,0.12014261460101867,0.06108926321784172,-0.554,0.559,0.074,0.106,0.151,1178,0
MAC000028-2012-01-31,0.045,1.216,0.12387374076561451,0.07937592715259016,-0.834,0.6729999999999999,0.074,0.101,0.148,1489,0
MAC000028-2012-02-29,0.044,0.818,0.11795262024407753,0.07175624683916101,-0.601,0.695,0.071,0.098,0.138,1393,0
MAC000028-2012-03-31,0.051,1.082,0.10389523169912693,0.06450913526281028,-0.6090000000000001,0.8360000000000001,0.073,0.083,0.12,1489,0
MAC000028-2012-04-30,0.048,0.736,0.10715683553088134,0.062285457077174256,-0.5289999999999999,0.643,0.074,0.087,0.127,1441,0
MAC000028-2012-05-31,0.041,0.697,0.09827486559139785,0.05758494547047288,-0.45599999999999996,0.5589999999999999,0.07175,0.086,0.112,1488,0
MAC000028-2012-06-30,0.059,0.783,0.11187855655794587,0.05773774369339281,-0.49500000000000005,0.48299999999999993,0.085,0.091,0.124,1441,0
MAC000028-2012-07-31,0.043,0.626,0.12231363331094694,0.052952431821231,-0.431,0.52,0.093,0.112,0.133,1489,0
MAC000028-2012-08-31,0.064,0.772,0.1251752854264607,0.05076945076239102,-0.523,0.5630000000000001,0.107,0.112,0.135,1489,0
MAC000028-2012-09-30,0.046,0.793,0.12283402777777777,0.060178835478088825,-0.53,0.7140000000000001,0.087,0.107,0.137,1440,0
MAC000028-2012-10-31,0.055,0.77,0.129341840161182,0.07174611283238817,-0.5740000000000001,0.642,0.084,0.107,0.153,1489,0
MAC000028-2012-11-30,0.052,0.896,0.13115475364330326,0.07480420967217585,-0.538,0.77,0.082,0.113,0.162,1441,0
MAC000028-2012-12-31,0.06,0.807,0.14708327736736065,0.07172773564123842,-0.48600000000000004,0.7240000000000001,0.098,0.133,0.173,1489,1
MAC000028-2013-01-31,0.057,1.12,0.14447481531229012,0.07354349759626842,-0.636,0.8220000000000001,0.104,0.132,0.166,1489,0
MAC000028-2013-02-28,0.072,0.962,0.13959598214285712,0.0596287448004794,-0.6859999999999999,0.7090000000000001,0.108,0.13,0.158,1344,0
MAC000028-2013-03-31,0.056,0.68,0.1378556077904634,0.04781669999245709,-0.42599999999999993,0.521,0.109,0.13,0.159,1489,0
MAC000028-2013-04-30,0.045,0.699,0.09793615544760584,0.05130099174846257,-0.43599999999999994,0.6419999999999999,0.072,0.084,0.107,1441,0
MAC000028-2013-05-31,0.047,0.137,0.06446742780389524,0.01564149495458497,-0.043,0.08000000000000002,0.052,0.058,0.076,1489,0
MAC000028-2013-06-30,0.005,0.189,0.026602359472588478,0.01714669453037268,-0.13,0.131,0.007,0.036,0.039,1441,0
MAC000028-2013-07-31,0.005,0.261,0.017217595701813297,0.011698138206357268,-0.20900000000000002,0.247,0.013,0.013,0.014,1489,0
MAC000028-2013-08-31,0.013,0.172,0.01343854936198791,0.005148378180964868,-0.15899999999999997,0.097,0.013,0.013,0.013,1489,0
MAC000028-2013-09-30,0.0,1.6569999,0.01628036079111728,0.06039046791775424,-1.3599999,1.5369999,0.0,0.006,0.007,1441,0
MAC000028-2013-10-31,0.006,1.212,0.05684083044982699,0.12015295053193731,-0.597,0.999,0.007,0.007,0.007,289,0
MAC000029-2011-12-31,0.01,1.6849999,0.0852005096006797,0.15485075667010717,-1.5449999,1.0189998999999998,0.044,0.058,0.07,1177,0
MAC000029-2012-01-31,0.01,1.722,0.07637340503693754,0.12913091061523055,-1.0220000000000002,1.321,0.035,0.058,0.062,1489,0
MAC000029-2012-02-29,0.01,1.299,0.07164034465183058,0.11337621430905843,-1.0550000000000002,1.002,0.026,0.057,0.062,1393,0
MAC000029-2012-03-31,0.01,1.72,0.07614506386836803,0.13683687349238388,-1.198,1.4470001000000001,0.049,0.058,0.066,1489,0
MAC000029-2012-04-30,0.01,1.748,0.0823324080499653,0.1588435371061027,-1.6369999,1.593,0.052,0.057,0.073,1441,0
MAC000029-2012-05-31,0.01,1.7,0.07178710550705171,0.11748286806203993,-1.226,1.286,0.054,0.057,0.059,1489,0
MAC000029-2012-06-30,0.0,2.0780001,0.07772777791666667,0.12658919449827952,-1.198,1.2660000999999999,0.047,0.055,0.086,1440,0
MAC000029-2012-07-31,0.0,1.762,0.0658354600402955,0.0832629945931698,-1.307,1.406,0.047,0.051,0.058,1489,0
MAC000029-2012-08-31,0.0,1.943,0.06602417730020148,0.07896928051165014,-1.0350000000000001,1.738,0.047,0.048,0.057,1489,0
MAC000029-2012-09-30,0.0,1.878,0.07229007640527411,0.11331668681740266,-1.332,1.4779999999999998,0.047,0.053,0.066,1441,0
MAC000029-2012-10-31,0.0,1.8940001,0.09114506400268638,0.18784487554889853,-1.434,1.7660000999999999,0.047,0.051,0.08,1489,0
MAC000029-2012-11-30,0.0,1.753,0.07883275503122832,0.15009371768110463,-1.2530000000000001,1.0570000000000002,0.046,0.05,0.063,1441,0
MAC000029-2012-12-31,0.0,2.1029999,0.08713498972464741,0.16032075346589486,-1.0369999,1.508,0.047,0.054,0.089,1489,1
MAC000029-2013-01-31,0.0,1.9119999,0.07426057750167898,0.12156190214866776,-1.399,1.568,0.042,0.054,0.078,1489,0
MAC000029-2013-02-28,0.0,1.793,0.061371747211895915,0.096250951318714,-1.0270000000000001,1.2469999999999999,0.015,0.049,0.059,1345,0
MAC000029-2013-03-31,0.0,1.774,0.05829550033579584,0.09009405919697971,-1.1760000000000002,1.242,0.014,0.047,0.06,1489,0
MAC000029-2013-04-30,0.0,1.875,0.07161415690492713,0.1331141628480923,-1.2409999999999999,1.429,0.039,0.056,0.06,1441,0
MAC000029-2013-05-31,0.0,1.774,0.0625466756212223,0.11020871879125732,-1.272,1.451,0.034,0.054,0.058,1489,0
MAC000029-2013-06-30,0.0,1.2460001,0.06429979188063845,0.0925452544189628,-1.1019999999999999,1.1860001,0.053,0.055,0.058,1441,0
MAC000029-2013-07-31,0.009,1.584,0.07654533250503694,0.11411947093966028,-1.238,1.1800000000000002,0.054,0.056,0.062,1489,0
MAC000029-2013-08-31,0.009,1.148,0.05443451981195433,0.07022516525052461,-0.967,0.9339999999999999,0.023,0.055,0.057,1489,0
MAC000029-2013-09-30,0.009,1.252,0.05860027758501041,0.07896379163142922,-1.172,1.115,0.021,0.055,0.058,1441,0
MAC000029-2013-10-31,0.009,1.23,0.06809536601746138,0.09452255682467056,-1.06,1.16,0.045,0.055,0.06,1489,0
MAC000029-2013-11-30,0.009,1.473,0.06306088180545837,0.10023654072449015,-0.8320000000000001,1.185,0.017,0.055,0.059,1429,0
MAC000029-2013-12-31,0.009,2.05,0.07055204828744123,0.13613982170797564,-1.7279999999999998,1.617,0.022,0.055,0.06,1489,0
MAC000029-2014-01-31,0.009,1.271,0.062427132370718605,0.0980213609790154,-0.9240001,1.218,0.02,0.055,0.059,1489,0
MAC000029-2014-02-28,0.009,1.279,0.06346841309707241,0.11330414861990767,-1.125,1.016,0.02225,0.055,0.058,1298,0
MAC000030-2011-12-31,0.045,4.0939999,0.35937606146010187,0.45650149139485696,-2.1739999,1.4950001,0.087,0.161,0.4435,1178,0
MAC000030-2012-01-31,0.044,3.227,0.2798616521155138,0.3547147307531266,-2.372,2.286,0.085,0.144,0.301,1489,0
MAC000030-2012-02-29,0.045,2.7190001,0.25809260674802587,0.33325775562305454,-1.2050001,1.7580000999999998,0.089,0.142,0.259,1393,0
MAC000030-2012-03-31,0.032,2.3069999,0.15882135634654132,0.2312257300378358,-1.767,1.736,0.053,0.088,0.142,1489,0
MAC000030-2012-04-30,0.032,2.2809999,0.19575988924358084,0.3066559758817854,-1.4690001,1.579,0.058,0.089,0.166,1441,0
MAC000030-2012-05-31,0.047,2.322,0.21942175950302217,0.2768401007781213,-1.2240001,2.02,0.084,0.129,0.207,1489,0
MAC000030-2012-06-30,0.048,2.175,0.20435392116585707,0.23338434630821128,-1.2719999999999998,1.718,0.09,0.127,0.206,1441,0
MAC000030-2012-07-31,0.039,1.842,0.11945466749496306,0.14861744764932786,-1.1320000000000001,1.2389999999999999,0.063,0.095,0.126,1489,0
MAC000030-2012-08-31,0.04,0.84,0.09746877098723976,0.06475952621132162,-0.597,0.695,0.062,0.091,0.12,1489,0
MAC000030-2012-09-30,0.04,2.1110001,0.23326786932685634,0.2825691486223138,-1.177,1.423,0.089,0.135,0.225,1441,0
MAC000030-2012-10-31,0.048,2.7490001,0.2756572584005376,0.3278033803379178,-1.5699999999999998,1.7370001,0.09375,0.142,0.29925,1488,0
MAC000030-2012-11-30,0.047,2.155,0.24136571825121442,0.28351191451654134,-1.2690000000000001,1.758,0.089,0.134,0.255,1441,0
MAC000030-2012-12-31,0.046,3.1129999,0.3637306918065816,0.41546226807882997,-2.1190001,2.07,0.119,0.198,0.452,1489,1
MAC000030-2013-01-31,0.047,3.0710001,0.3123109470114171,0.3584899290843579,-1.3149999,1.6910001000000001,0.113,0.187,0.337,1489,0
MAC000030-2013-02-28,0.056,2.1659999,0.3320133831226766,0.36216143485331886,-1.431,1.3619999999999999,0.112,0.19,0.378,1345,0
MAC000030-2013-03-31,0.046,2.299,0.24233243781061115,0.29497443604051093,-1.292,1.9269999,0.085,0.13,0.254,1489,0
MAC000030-2013-04-30,0.046,2.8010001,0.22726509389312977,0.2801730259052399,-1.3060000999999999,1.9400001,0.091,0.128,0.222,1441,0
MAC000030-2013-05-31,0.045,1.973,0.22369644042981868,0.23302503502440985,-1.202,1.251,0.101,0.139,0.241,1489,0
MAC000030-2013-06-30,0.058,1.687,0.1732595419847328,0.1871944601864924,-1.309,0.9099999999999999,0.095,0.118,0.155,1441,0
MAC000030-2013-07-31,0.051,2.0810001,0.20288986486486485,0.19783852459461695,-1.5959999,1.9230000999999999,0.136,0.1515,0.187,1480,0
MAC000030-2013-08-31,0.044,1.881,0.1227918065815984,0.10884765254740612,-0.8539999999999999,0.854,0.082,0.123,0.134,1489,0
MAC000030-2013-09-30,0.051,2.9630001,0.21739694607911175,0.29740786714558165,-1.4970001,2.2659999,0.097,0.13,0.185,1441,0
MAC000030-2013-10-31,0.053,1.969,0.2847065143049026,0.2917285343575351,-0.963,1.53,0.118,0.173,0.317,1489,0
MAC000030-2013-11-30,0.049,2.6930001,0.2831603051353227,0.3052645500751967,-2.024,1.769,0.114,0.175,0.317,1441,0
MAC000030-2013-12-31,0.047,3.0309999,0.27781799852249833,0.33355574272216104,-2.0140001,1.6049999,0.103,0.156,0.289,1489,0
MAC000030-2014-01-31,0.047,2.2820001,0.27302755362903225,0.2986763420973495,-1.1669999999999998,1.535,0.112,0.16,0.305,1488,0
MAC000030-2014-02-28,0.045,2.3410001,0.2688389828967642,0.2941430286933682,-1.333,1.376,0.114,0.168,0.30174999999999996,1298,0
MAC000032-2011-12-31,0.0,3.3399999,0.33963265323129255,0.6310609398883957,-1.584,3.2729999,0.021,0.053,0.17475,1176,0
MAC000032-2012-01-31,0.0,2.635,0.3818831424445937,0.6331096357938334,-1.429,2.5940001,0.039,0.067,0.3,1489,0
MAC000032-2012-02-29,0.0,3.198,0.39281407020818376,0.6772500133419401,-1.8559999999999999,3.188,0.028,0.059,0.296,1393,0
MAC000032-2012-03-31,0.0,2.7820001,0.24835795849563466,0.5175679849170113,-2.214,2.757,0.026,0.052,0.12,1489,0
MAC000032-2012-04-30,0.0,2.7980001,0.2569861111805556,0.5450885438491604,-1.6649999999999998,2.7880001,0.022,0.049,0.10425,1440,0
MAC000032-2012-05-31,0.008,2.7219999,0.1991820012760242,0.3960303174369549,-2.0720001000000003,2.7119999000000004,0.039,0.06,0.134,1489,0
MAC000032-2012-06-30,0.0,2.717,0.12799930603747398,0.2825467234786947,-1.4070000999999999,2.5949999999999998,0.026,0.047,0.081,1441,0
MAC000032-2012-07-31,0.0,1.464,0.13518695373234701,0.21575762535058016,-1.0309998999999999,1.412,0.039,0.061,0.1425,1487,0
MAC000032-2012-08-31,0.001,1.5089999,0.13104230993955673,0.21095663636334339,-1.1529999999999998,1.4989999,0.04,0.063,0.128,1489,0
MAC000032-2012-09-30,0.007,1.954,0.15261736097222223,0.2679201565455735,-1.61,1.48,0.036,0.061,0.143,1440,0
MAC000032-2012-10-31,0.011,3.2939999,0.18858439804976462,0.2812987357086307,-1.1789999999999998,2.0340001,0.057,0.112,0.2125,1487,0
MAC000032-2012-11-30,0.0,3.115,0.331793199167245,0.573794576694115,-1.49,3.007,0.049,0.086,0.212,1441,0
MAC000032-2012-12-31,0.0,3.072,0.4058905305574211,0.6681531038666524,-2.2979999999999996,3.0140000000000002,0.037,0.062,0.344,1489,1
MAC000032-2013-01-31,0.0,3.1760001,0.46792814009402284,0.731839579008898,-1.375,3.0350001,0.054,0.1,0.497,1489,0
MAC000032-2013-02-28,0.0,3.1470001,0.5092609649070632,0.7846950289632796,-1.577,3.0480001,0.048,0.101,0.658,1345,0
MAC000032-2013-03-31,0.0,3.2309999,0.49928225698924733,0.7846353872829567,-1.5089999,3.1950000000000003,0.044,0.081,0.664,1488,0
MAC000032-2013-04-30,0.0,3.177,0.30995211762664815,0.6134645780530654,-1.4830001000000002,3.16,0.029,0.054,0.152,1441,0
MAC000032-2013-05-31,0.0,1.992,0.13988582914707856,0.27566890247665043,-1.4489999,1.992,0.023,0.047,0.092,1489,0
MAC000032-2013-06-30,0.0,1.457,0.10058223476752255,0.21967005761870492,-1.375,1.457,0.017,0.038,0.074,1441,0
MAC000032-2013-07-31,0.0,1.454,0.09752585641370047,0.19977178470830056,-1.3680001000000002,1.45,0.026,0.048,0.076,1489,0
MAC000032-2013-08-31,0.0,1.45,0.09932236400268636,0.2124191327211857,-1.435,1.45,0.022,0.046,0.077,1489,0
MAC000032-2013-09-30,0.0,1.451,0.11841984746703678,0.23374390577973522,-1.433,1.435,0.025,0.051,0.089,1441,0
MAC000032-2013-10-31,0.0,2.6210001,0.21011014110141035,0.42013956387630597,-1.6290001,2.579,0.034,0.059,0.129,1489,0
MAC000032-2013-11-30,0.0,3.2019999,0.3410610684941013,0.6023402445289214,-1.4410000999999997,3.0689999,0.024,0.057,0.179,1441,0
MAC000032-2013-12-31,0.0,2.6589999,0.3622968420416387,0.6164786503212654,-1.633,2.5949999000000004,0.034,0.062,0.231,1489,0
MAC000032-2014-01-31,0.0,2.589,0.3594412364002686,0.608559508903535,-1.28,2.535,0.036,0.062,0.216,1489,0
MAC000032-2014-02-28,0.0,2.638,0.3622835137134052,0.611492548177728,-1.355,2.5789999999999997,0.03325,0.063,0.23575,1298,0
MAC000033-2011-12-31,0.025,1.011,0.16044633730834754,0.11384705838023777,-0.7529999999999999,0.8379999999999999,0.089,0.1395,0.193,1174,0
MAC000033-2012-01-31,0.026,1.062,0.16337273337810612,0.12821059135081747,-0.8480000000000001,0.784,0.085,0.138,0.189,1489,0
MAC000033-2012-02-29,0.025,1.251,0.2513821838362069,0.22177825611861635,-0.675,0.647,0.083,0.162,0.38025,1392,0
MAC000033-2012-03-31,0.034,1.087,0.1852162524513096,0.14521687569279285,-0.7849999999999999,0.824,0.085,0.15,0.239,1489,0
MAC000033-2012-04-30,0.022,1.044,0.15992921589174183,0.1255665963090128,-0.7640001000000001,0.8160000000000001,0.082,0.129,0.191,1441,0
MAC000033-2012-05-31,0.028,0.972,0.14526460711887174,0.10414659509245423,-0.77,0.752,0.083,0.121,0.174,1489,0
MAC000033-2012-06-30,0.023,0.883,0.1475766828591256,0.10884609986551375,-0.6699999999999999,0.717,0.085,0.123,0.175,1441,0
MAC000033-2012-07-31,0.032,1.142,0.13607253190060442,0.10093211470388705,-0.6559999999999999,1.0539999999999998,0.081,0.11,0.16,1489,0
MAC000033-2012-08-31,0.023,1.353,0.14025184687709874,0.11040611906637754,-1.191,1.152,0.079,0.109,0.159,1489,0
MAC000033-2012-09-30,0.02,0.924,0.15693615544760584,0.11302988213023947,-0.782,0.782,0.084,0.13,0.193,1441,0
MAC000033-2012-10-31,0.022,1.008,0.13815110812625922,0.10053900102078692,-0.775,0.904,0.073,0.117,0.173,1489,0
MAC000033-2012-11-30,0.02,0.769,0.14091603053435114,0.10276103225341769,-0.563,0.567,0.072,0.124,0.175,1441,0
MAC000033-2012-12-31,0.015,0.854,0.15340832773673607,0.11419054103464521,-0.585,0.604,0.076,0.137,0.189,1489,1
MAC000033-2013-01-31,0.022,0.955,0.15838616521155138,0.10559713383450044,-0.6279999999999999,0.5419999999999999,0.084,0.146,0.198,1489,0
MAC000033-2013-02-28,0.03,1.0930001,0.1651048327881041,0.12833754555210292,-0.731,0.9019999999999999,0.079,0.145,0.201,1345,0
MAC000033-2013-03-31,0.02,0.807,0.161690188172043,0.1116454608506123,-0.602,0.556,0.081,0.148,0.205,1488,0
MAC000033-2013-04-30,0.019,0.791,0.1562886884108258,0.1050297375403387,-0.5840000000000001,0.663,0.081,0.143,0.199,1441,0
MAC000033-2013-05-31,0.016,0.963,0.15218132975151108,0.10895325845302486,-0.571,0.7629999999999999,0.082,0.129,0.189,1489,0
MAC000033-2013-06-30,0.015,1.1289999,0.15211450374739766,0.11534184070108595,-0.9039999,1.034,0.083,0.132,0.182,1441,0
MAC000033-2013-07-31,0.019,1.854,0.16483814640698455,0.13917290259840115,-1.4900000000000002,1.0690001,0.082,0.131,0.197,1489,0
MAC000033-2013-08-31,0.025,1.502,0.14794425789120214,0.11305697361597057,-0.818,0.979,0.082,0.121,0.178,1489,0
MAC000033-2013-09-30,0.02,1.461,0.15523525336571825,0.12049426406036212,-0.8610001,0.92,0.081,0.129,0.193,1441,0
MAC000033-2013-10-31,0.018,0.877,0.15188045668233716,0.10734810073797003,-0.44999999999999996,0.643,0.076,0.128,0.2,1489,0
MAC000033-2013-11-30,0.02,0.887,0.163205412907703,0.11879960133028915,-0.659,0.571,0.073,0.146,0.214,1441,0
MAC000033-2013-12-31,0.019,1.591,0.15358898596373405,0.11223977270879697,-1.081,0.994,0.078,0.14,0.195,1489,0
MAC000033-2014-01-31,0.019,1.066,0.150119623655914,0.1054420378230391,-0.681,0.9380000000000001,0.07675,0.137,0.186,1488,0
MAC000033-2014-02-28,0.019,0.798,0.1532295839753467,0.09963299494034529,-0.5609999999999999,0.602,0.081,0.144,0.193,1298,0
MAC000034-2011-12-31,0.029,4.829,0.6300621264680851,1.0520860423876606,-2.4840001000000003,4.71,0.096,0.185,0.4505,1175,0
MAC000034-2012-01-31,0.032,6.3280001,1.0227676278710545,1.5565865323008217,-2.3099998999999998,6.178000099999999,0.119,0.22,1.5369999,1489,0
MAC000034-2012-02-29,0.028,6.381,1.2282577155778895,1.9362706865988824,-2.6139999,6.179,0.108,0.194,1.824,1393,0
MAC000034-2012-03-31,0.029,6.395,1.0922458034922766,1.7276992249588385,-2.5079998000000003,6.2059999999999995,0.113,0.201,1.574,1489,0
MAC000034-2012-04-30,0.033,4.941,0.7608868837612769,1.149379279985627,-2.1299999,4.878,0.114,0.191,0.993,1441,0
MAC000034-2012-05-31,0.025,3.4760001,0.36121423774345196,0.5971414375720084,-2.4190000000000005,3.3320001,0.098,0.161,0.269,1489,0
MAC000034-2012-06-30,0.025,2.612,0.16250173490631506,0.1777605406615697,-2.499,2.31,0.071,0.119,0.186,1441,0
MAC000034-2012-07-31,0.041,2.727,0.1413230356615178,0.14710813091873007,-2.3569999999999998,2.489,0.071,0.121,0.174,1489,0
MAC000034-2012-08-31,0.041,2.6099999,0.14140860208333333,0.12903891562592296,-1.9899999,2.4329999,0.071,0.121,0.17825,1488,0
MAC000034-2012-09-30,0.034,2.0020001,0.12570229014573212,0.11956293013892053,-1.8780001,1.6810001,0.065,0.111,0.158,1441,0
MAC000034-2012-10-31,0.03,1.896,0.13092478173270652,0.0968019454878772,-1.831,1.7429999999999999,0.063,0.114,0.174,1489,0
MAC000034-2012-11-30,0.03,3.892,0.6262359470506593,0.9432082120148625,-1.7969999,3.641,0.108,0.183,0.743,1441,0
MAC000034-2012-12-31,0.029,3.8789999,0.6967233039623908,0.9919177726735461,-1.962,3.345,0.109,0.193,0.893,1489,1
MAC000034-2013-01-31,0.03,6.0939999,0.8876756188045668,1.3778172386016394,-2.386,5.9099999,0.104,0.184,1.1160001,1489,0
MAC000034-2013-02-28,0.024,6.5279999,1.1338959118215615,1.6812044427393744,-2.77,5.990999899999999,0.111,0.203,1.669,1345,0
MAC000034-2013-03-31,0.027,6.2839999,1.1587024873069174,1.690519821775687,-2.7849999,5.943,0.113,0.218,1.6849999,1489,0
MAC000034-2013-04-30,0.026,5.8309999,0.7806773072172102,1.287365979445305,-2.976,5.6549999,0.108,0.178,0.692,1441,0
MAC000034-2013-05-31,0.027,1.842,0.2512498320349228,0.2401343890205249,-1.752,1.7040000000000002,0.099,0.161,0.333,1489,0
MAC000034-2013-06-30,0.026,1.831,0.18826092990978485,0.17725420753969007,-1.4989999999999999,1.641,0.088,0.13,0.206,1441,0
MAC000034-2013-07-31,0.028,1.534,0.12585426460711888,0.07147373086604,-1.3980000000000001,1.438,0.087,0.113,0.151,1489,0
MAC000034-2013-08-31,0.023,1.404,0.13047414372061786,0.09012513423898423,-1.2469999999999999,1.2409999999999999,0.084,0.106,0.158,1489,0
MAC000034-2013-09-30,0.045,2.0699999,0.13135461478140179,0.09906349466406407,-1.9069999,1.9119999,0.079,0.112,0.167,1441,0
MAC000034-2013-10-31,0.042,1.712,0.1341443922095366,0.105700714752758,-1.592,1.458,0.071,0.108,0.173,1489,0
MAC000034-2013-11-30,0.034,2.2260001,0.3280117965995836,0.4549029698069863,-1.3130000000000002,1.8569999000000001,0.085,0.163,0.316,1441,0
MAC000034-2013-12-31,0.032,6.3379998,0.8377804714478114,1.2802189563283821,-1.9629997999999995,6.0189998000000005,0.09,0.157,1.1950001,1485,0
MAC000034-2014-01-31,0.03,6.5100002,1.1103626606447279,1.7081881727232153,-2.3589998,6.301000200000001,0.115,0.177,1.694,1489,0
MAC000034-2014-02-28,0.029,6.289,1.121799691063174,1.747317001187776,-2.391,6.0589999,0.109,0.17,1.74475,1298,0
MAC000035-2011-12-31,0.084,2.402,0.5467674620102214,0.4208736524728042,-1.3580001,1.4200000000000002,0.216,0.4335,0.709,1174,0
MAC000035-2012-01-31,0.101,3.2179999,0.548147749832102,0.44385248236179875,-1.987,2.4289999,0.201,0.396,0.721,1489,0
MAC000035-2012-02-29,0.084,3.214,0.7890200996410625,0.6237180403596971,-1.3740001000000002,1.387,0.321,0.582,1.1059999,1393,0
MAC000035-2012-03-31,0.096,2.335,0.4013975820013431,0.33626919718835074,-1.6829999,1.282,0.15,0.281,0.509,1489,0
MAC000035-2012-04-30,0.079,2.362,0.49720749507286605,0.3801456861817095,-1.2389999999999999,1.236,0.209,0.418,0.679,1441,0
MAC000035-2012-05-31,0.087,2.4960001,0.4133008727333781,0.3035291374730579,-0.938,1.8650000999999998,0.202,0.316,0.558,1489,0
MAC000035-2012-06-30,0.099,1.745,0.3253809855655795,0.24490344797299476,-1.064,1.159,0.136,0.251,0.434,1441,0
MAC000035-2012-07-31,0.093,2.9809999,0.2847085291470786,0.2516530499789811,-1.8259999,2.1020001,0.126,0.197,0.349,1489,0
MAC000035-2012-08-31,0.099,2.4100001,0.24333713895231698,0.23864215844808978,-2.0010001,2.1520001,0.126,0.139,0.272,1489,0
MAC000035-2012-09-30,0.072,2.118,0.41943858403886186,0.29779946935893004,-1.1480000000000001,1.0020000000000002,0.217,0.307,0.529,1441,0
MAC000035-2012-10-31,0.111,2.487,0.46762726635325724,0.34582917474842345,-0.9509999,1.4820000000000002,0.226,0.338,0.561,1489,0
MAC000035-2012-11-30,0.101,2.8269999,0.5361895186647523,0.42132467060318796,-1.3420001,1.626,0.183,0.448,0.728,1393,0
MAC000035-2012-12-31,0.103,2.375,0.512145063062458,0.36650522479950404,-1.0670000000000002,1.278,0.226,0.445,0.662,1489,1
MAC000035-2013-01-31,0.103,3.217,0.6584728010073875,0.49086400826712734,-1.415,1.613,0.385,0.516,0.807,1489,0
MAC000035-2013-02-28,0.103,2.727,0.6606386620074349,0.41735328005501404,-1.2800001,1.9009999999999998,0.433,0.544,0.819,1345,0
MAC000035-2013-03-31,0.117,2.641,0.7327434511752854,0.4044102375165928,-1.2020000999999998,1.6780001,0.463,0.574,0.864,1489,0
MAC000035-2013-04-30,0.072,2.3410001,0.4196069442361111,0.35350512042937127,-1.1260000000000001,1.184,0.14,0.307,0.539,1440,0
MAC000035-2013-05-31,0.073,2.2750001,0.2718052386165211,0.2726307271980521,-1.7769998999999999,1.7999998999999998,0.109,0.14,0.353,1489,0
MAC000035-2013-06-30,0.111,1.854,0.32867730763358777,0.26776184159848615,-1.189,1.212,0.137,0.217,0.435,1441,0
MAC000035-2013-07-31,0.106,2.0510001,0.3208072534586971,0.22844162412251764,-1.1440001,1.5510001,0.139,0.242,0.415,1489,0
MAC000035-2013-08-31,0.081,2.21,0.3264627268636669,0.24887935205044862,-1.585,1.327,0.142,0.24,0.434,1489,0
MAC000035-2013-09-30,0.109,2.04,0.3765361113194444,0.27778559037942663,-0.978,1.383,0.191,0.2835,0.46924999999999994,1440,0
MAC000035-2013-10-31,0.106,2.3629999,0.38167629261249164,0.2743640510818364,-1.254,1.3359999999999999,0.21,0.281,0.459,1489,0
MAC000035-2013-11-30,0.113,2.526,0.47728105489243583,0.317180825429216,-1.5299999999999998,1.255,0.223,0.423,0.602,1441,0
MAC000035-2013-12-31,0.085,2.142,0.6428394898589658,0.35525592706849896,-1.6700000000000002,1.192,0.404,0.556,0.807,1489,0
MAC000035-2014-01-31,0.19,3.161,0.575643384754869,0.3565296153310565,-1.4769999,1.311,0.262,0.529,0.754,1489,0
MAC000035-2014-02-28,0.198,2.385,0.6954098615562404,0.3150473727723666,-1.2789999,1.3070000999999998,0.532,0.5865,0.8,1298,0
MAC000036-2011-12-31,0.0,0.354,0.05503076923076923,0.06738704322633875,-0.31,0.316,0.006,0.042,0.061,1170,0
MAC000036-2012-01-31,0.0,0.421,0.053635325721961044,0.06749428979165965,-0.413,0.362,0.006,0.041,0.061,1489,0
MAC000036-2012-02-29,0.0,0.701,0.05783105679367361,0.07852497791839119,-0.472,0.63,0.004,0.04,0.061,1391,0
MAC000036-2012-03-31,0.0,0.43,0.056856279382135666,0.07029561831407742,-0.315,0.392,0.006,0.043,0.062,1489,0
MAC000036-2012-04-30,0.0,0.482,0.058083275503122825,0.07166575584178776,-0.45199999999999996,0.478,0.007,0.042,0.066,1441,0
MAC000036-2012-05-31,0.0,0.441,0.05737541974479517,0.06657844199450576,-0.387,0.441,0.011,0.043,0.067,1489,0
MAC000036-2012-06-30,0.0,0.46,0.05934975711311589,0.06542782135477712,-0.42200000000000004,0.44,0.014,0.044,0.07,1441,0
MAC000036-2012-07-31,0.0,0.384,0.058546004029550035,0.06264601813245707,-0.314,0.331,0.014,0.045,0.07,1489,0
MAC000036-2012-08-31,0.0,0.458,0.06317797179314977,0.06623289917999091,-0.405,0.458,0.021,0.049,0.076,1489,0
MAC000036-2012-09-30,0.0,0.427,0.05705690492713393,0.05889798934148285,-0.362,0.427,0.014,0.045,0.07,1441,0
MAC000036-2012-10-31,0.0,0.397,0.05558629952988583,0.06080936610193665,-0.35200000000000004,0.35000000000000003,0.008,0.044,0.067,1489,0
MAC000036-2012-11-30,0.0,0.278,0.05129131652661065,0.059508560971341495,-0.228,0.275,0.006,0.04,0.062,357,0
